Name,description,_geometry
Q1 Far North QLD,REZ,"POLYGON ((146.134921024342 -17.6525573734188,146.071155359954 -17.3826572501234,145.939203506824 -16.8782448057178,145.563787471045 -16.632687611194,145.482014828748 -16.2574973816268,145.453031549803 -16.0599242161361,145.335440298457 -15.2433120213656,145.353484669968 -14.9795935139333,145.345984873483 -14.949225405661,145.221057568268 -14.8325841769855,144.9889789573 -14.7577739673197,144.731687338128 -14.513723460442,144.525011881986 -14.2638008569198,144.437030940215 -14.2474495487135,144.315556139915 -14.3124577920278,144.288057253342 -14.4805315726326,144.337752243678 -14.6760853075257,144.444092123433 -15.0261908872351,144.528696160125 -15.3282427639069,144.669334419922 -15.7635984594542,144.753231865195 -16.1178033123624,144.843389949519 -16.3984052776097,144.919824900715 -16.6521986029761,145.038190886317 -16.9994341878026,145.303426161965 -17.4069639573593,145.422138052507 -17.6477751847968,145.563397640045 -17.8880222380866,145.861765782334 -18.2062996575401,146.00723528309 -18.1252796044416,146.09724544384 -17.9676130573978,146.134921024342 -17.6525573734188))"
Q2 North Qld Clean Energy Hub,REZ,"POLYGON ((143.72014605516 -16.9793813142795,143.530338059476 -16.9891335002163,143.356801946739 -17.02715427299,143.213634960277 -17.0702470831729,143.090996893577 -17.121730879542,142.942891028594 -17.1939716688418,142.801073042552 -17.2995910594242,142.666871503765 -17.4355623261525,142.512400458345 -17.6594968164193,142.424106072827 -17.8646263281559,142.357440844603 -18.091625871388,142.320370672143 -18.3072565315199,142.310868491082 -18.4967884999976,142.322860965736 -18.8313668980844,142.343955525779 -19.0010737589944,142.384603097207 -19.2206406328873,142.45842680164 -19.4738720066068,142.558481418161 -19.7578943255841,142.750677486097 -20.1352336376244,142.977891488556 -20.4493060426282,143.315743061972 -20.7889397269799,143.636920882053 -20.9899868388888,143.85240111877 -21.0724493441085,144.062415901421 -21.1237205347726,144.32444757433 -21.1305018566421,144.700343515533 -21.0849106746996,144.908420012922 -21.0211979918977,145.128834872241 -20.9191905905048,145.379858211001 -20.7323470842307,145.528085212659 -20.5583453645758,145.670619724765 -20.3104960878205,145.781035469784 -19.9423032243149,145.813277508338 -19.5745227201494,145.800575518493 -19.3367482438147,145.738654341728 -18.9898583173756,145.674001431961 -18.6997451288876,145.597677448941 -18.4687935508282,145.507952649391 -18.2670631899122,145.420158850167 -18.1031572438978,145.284307911224 -17.8941774776138,145.28430991471 -17.8929787334388,145.166366914539 -17.740641047265,145.070934685476 -17.6292461309064,144.944443937765 -17.5017400549949,144.796713100012 -17.3762080959787,144.651326314739 -17.2686411946617,144.503867904876 -17.1817471633584,144.502728840296 -17.1817408642679,144.370923092232 -17.1150755859757,144.258408387927 -17.0707282116397,144.128091794156 -17.0316451872551,144.032241562779 -17.0092940503124,143.879553489355 -16.9855255197003,143.72014605516 -16.9793813142795))"
Q3 Northern Qld,REZ,"POLYGON ((146.277823310779 -18.7191955764007,146.252280277294 -18.6858464956671,146.19030900687 -18.6520594278009,146.032905392967 -18.6083798842241,145.922731231103 -18.5951515999976,145.840620703888 -18.6024078794607,145.763519298571 -18.626582135333,145.731512240381 -18.6500221041996,145.713598153016 -18.6715168161891,145.688841008242 -18.7111728778296,145.687340882803 -18.7279581191174,145.688371431839 -18.743568576249,145.694433048767 -18.7728263586649,145.714242881826 -18.8548068677779,145.745855476006 -18.9920879604712,145.77470010174 -19.0559378700924,145.803845770961 -19.097086352534,145.895301632525 -19.2081519447261,146.009509863631 -19.3235503773131,146.092294074379 -19.395959708572,146.176434476306 -19.4604268317375,146.266495481434 -19.5240653125947,146.368904076437 -19.5892830758195,146.449256210851 -19.633814543691,146.55614808551 -19.684060965631,146.663130023853 -19.7251873965605,146.7459471615 -19.752551355013,146.821745286996 -19.7729729373476,146.903547240951 -19.7895285839303,146.984252555765 -19.7956244285623,147.052756972519 -19.7894474581053,147.106055777542 -19.7738769959232,147.143162124563 -19.7517767156495,147.179109046617 -19.7135505947627,147.206794596688 -19.6545104377295,147.212224257715 -19.5861535205562,147.200567207246 -19.5207697273282,147.174753951382 -19.4459834568544,147.154524426748 -19.4064771796137,147.127020490241 -19.3907742322586,147.088041064333 -19.3652552064494,147.059389955796 -19.319412648162,147.047343912427 -19.2962474931956,147.049887068423 -19.272969465533,147.060860818423 -19.2767675583213,147.057782769123 -19.2565035539113,147.044755760304 -19.2277623435624,147.032782405982 -19.2002359146332,147.01303140657 -19.1794085916359,147.023800963464 -19.2110124045242,147.0106614677 -19.2350451998783,146.989491261392 -19.2578634062651,146.971015456874 -19.2844415567035,146.952456032168 -19.3021959895227,146.884249659166 -19.3000699349638,146.845240464761 -19.2738042692506,146.825085907628 -19.263817898243,146.777666763176 -19.1946493219384,146.737400466142 -19.1847131670839,146.70263519407 -19.194942478222,146.638093484683 -19.1762094794767,146.593100399998 -19.1452589648154,146.525981076805 -19.1128542413441,146.465597156813 -19.0814733449807,146.396129478891 -19.0026774097065,146.37830197026 -19.0059099516832,146.35140478505 -18.9691153055685,146.338010258524 -18.9649480045178,146.273398541419 -18.8700211723205,146.273968848803 -18.8122293961914,146.282632958703 -18.7564199851638,146.277823310779 -18.7191955764007))"
Q4 Isaac,REZ,"POLYGON ((147.643664261802 -19.9401487909711,147.521096262814 -20.0631973436051,147.442868755655 -20.1880366117316,147.332853964433 -20.4422564787946,147.264346099658 -20.8076475967685,147.266068716254 -21.2417125571903,147.334882722458 -21.5458726521545,147.483668084434 -21.8432373451551,147.559701513231 -22.0556882474202,147.666746996839 -22.2357669179073,147.765232374817 -22.3906457152577,147.825792008883 -22.5051023779005,147.936176597849 -22.6034856171015,147.944981031112 -22.6118580042763,147.980123269616 -22.6494818065275,148.01111266853 -22.6705027645853,148.059736570003 -22.7001881753956,148.086335902877 -22.712987086736,148.113101090327 -22.7174937635019,148.148271469052 -22.7511268890684,148.197208036262 -22.7683385213106,148.223929779219 -22.7769505104122,148.241622843026 -22.7895990803426,148.27275892678 -22.8024017873558,148.312861430051 -22.8152998747438,148.339534506932 -22.8280313972646,148.357398746052 -22.8323460875751,148.388684501781 -22.8368518298881,148.419830897453 -22.8496685133327,148.460013755964 -22.8584199580661,148.50013764408 -22.8713179760035,148.540270713053 -22.8842104471098,148.567089574114 -22.8886603106665,148.616254036089 -22.8974998377536,148.661003919486 -22.9021213414872,148.705705078296 -22.9108735515367,148.763859629261 -22.9197318858908,148.817589914725 -22.9243752309551,148.848864410382 -22.9329988001053,148.924970706108 -22.9419970201259,149.33705351245 -23.0152305039554,149.841981554946 -22.9428750486868,150.08668362247 -22.785010921341,150.16984883074 -22.6537822259426,150.199291838829 -22.4630394841383,150.18792950152 -22.3254679853735,150.029462620898 -22.1159446802836,149.922132146983 -22.3209995816917,149.991715046189 -22.6223046548369,149.753170675257 -22.4469554593314,149.457481395321 -21.8504673147715,149.465623336589 -21.549196720957,149.195554068482 -21.0632165921029,148.688448760818 -20.6193956372035,148.699285582746 -20.4798603483209,148.787509954547 -20.4433506286531,148.864348412993 -20.5422916667582,148.915798105029 -20.49792038288,148.52394966457 -20.0698621235774,148.43420946633 -20.0646016823086,148.39984655759 -20.1655826761526,148.054733130067 -19.906696378577,148.032692440239 -19.9062907498433,147.997325655606 -19.9139741643297,147.966405782047 -19.9175585632601,147.944303543922 -19.9213072413838,147.909011731325 -19.9206284525845,147.878071944911 -19.9241897310829,147.847174053253 -19.9235737593385,147.811750653357 -19.931195280806,147.794032756542 -19.9349994554282,147.763105784274 -19.934351345951,147.732076206224 -19.9420433516002,147.714350019124 -19.9458419715036,147.683409152382 -19.9451828063918,147.643664261802 -19.9401487909711))"
Q5 Barcaldine,REZ,"POLYGON ((145.820860895085 -23.8427869687334,145.941396608719 -23.7807954083953,146.051196456379 -23.6911907214643,146.164063134979 -23.5414865443753,146.225222898955 -23.4104556901506,146.270839974009 -23.2894595516063,146.300587477793 -23.1302074248774,146.311207830507 -22.9153137155658,146.300300574556 -22.7595215004453,146.265443331115 -22.5852773548145,146.20877338719 -22.4192885681461,146.161112399032 -22.3143347547453,146.095859075297 -22.2032045109522,145.987219517524 -22.0714413222467,145.925893269448 -22.0166346211994,145.866695617424 -21.9721125303637,145.747258771694 -21.9081656082338,145.616682936113 -21.8693732338775,145.490030228525 -21.8648070068232,145.329960168492 -21.9070543582612,145.227422763805 -21.9672070764747,145.145806634055 -22.0362189395674,145.077671923061 -22.1173147624422,145.0276694281 -22.193685259437,144.985775624553 -22.283675553732,144.932973999427 -22.4391806246266,144.903469113232 -22.5550823111217,144.885733812932 -22.7115562005415,144.880576640141 -22.7961478204499,144.88822732227 -22.9461605558687,144.942987985198 -23.1968978297564,145.001888556116 -23.3621071772862,145.10886779098 -23.5424668853221,145.234116850179 -23.6906647170439,145.340138159336 -23.7733683028364,145.457076241245 -23.8304255357566,145.573296678615 -23.8644355593127,145.700398893054 -23.8674023872904,145.820860895085 -23.8427869687334))"
Q6 Fitzroy,REZ,"POLYGON ((149.958604001912 -24.1538218701635,149.996618710727 -24.2544605851739,150.063975629201 -24.3356461330399,150.108193200012 -24.4517426271478,150.189394623249 -24.5146099638619,150.289183719723 -24.5777223368471,150.448704676473 -24.703639848836,150.668953954737 -24.7971561656672,150.909521622871 -24.8453674547802,151.095354346795 -24.8388627859748,151.277177675948 -24.7864022604719,151.425988851892 -24.6625861058562,151.450630134577 -24.4632685286261,151.418591294189 -24.2968386151823,151.395769186807 -24.1429601619417,151.332164128529 -23.9100635230574,151.204054278915 -23.6979713796827,151.04497157781 -23.4775846313834,150.863744948664 -23.2903846930029,150.734844379493 -23.1441130811807,150.682064991121 -23.1229857162298,150.398662942306 -23.0028467246831,150.270346163136 -22.9702100507523,150.127571072658 -22.9944493262256,150.034556612684 -23.0697527426905,149.977224045698 -23.2106820822734,149.924446814092 -23.3597112303708,149.901203541599 -23.5195553302633,149.91219039627 -23.6985681795533,149.916908804797 -23.8437868044704,149.933130004468 -23.9997694654615,149.958604001912 -24.1538218701635))"
Q7 Wide Bay,REZ,"POLYGON ((152.463938280595 -24.9664886104524,152.443879813583 -24.9728218114783,152.410361090365 -24.9731677202041,152.383656761756 -24.9856828109623,152.350237670706 -24.998247440424,152.323577105757 -25.0168508539396,152.296913176314 -25.0354454962342,152.276999692291 -25.0600850320577,152.250377575443 -25.0847766749044,152.243818499853 -25.1031707939481,152.21053249298 -25.1339962377706,152.197263906273 -25.1524230044661,152.177286825617 -25.1708943904534,152.275439210561 -25.0636372286945,152.269174931971 -25.0665432191081,152.261351057435 -25.0708885768533,152.255099837545 -25.0752205120078,152.248848499922 -25.079551670144,152.244182630898 -25.0852964180204,152.234798723031 -25.0910782629491,152.233239046548 -25.0925172293034,152.228585812102 -25.0996872043893,152.227051861036 -25.1039788114332,152.222385038174 -25.1097195606705,152.2177307582 -25.1168857774295,152.211477587506 -25.1212106739117,152.208356902738 -25.1240842164289,152.203700951264 -25.1312459246308,152.197484334853 -25.1398442551868,152.192815401502 -25.1455803802112,152.191292858253 -25.1512946420704,152.185062724343 -25.1584667626067,152.178807109668 -25.1627867800097,152.175685426537 -25.1656595537798,152.167855882245 -25.1699894882562,152.161599479314 -25.1743084536273,152.158502348206 -25.1800316725047,152.15383143557 -25.185765139074,152.150721478184 -25.1900622751615,152.146050139827 -25.1957950838856,152.14139088751 -25.2029528690905,152.136706123813 -25.2072586141235,152.127285224848 -25.2101658915895,152.125747389627 -25.2144506235457,152.125795814211 -25.2201506960913,152.121132280582 -25.2273023998176,152.116455562252 -25.2330283852029,152.111766669055 -25.2373295866884,152.110238955379 -25.2430370034597,152.102411267009 -25.2487807725433,152.099307982475 -25.2544970700644,152.09940142586 -25.2658930700825,152.099448162376 -25.2715907792015,152.090947411751 -25.28749954837,152.084414394827 -25.3119529967017,152.084636613174 -25.3424270311218,152.084947932247 -25.385079914449,152.064983910175 -25.4095775882755,152.058444110961 -25.4339851217524,152.051946329905 -25.4644784495464,152.045403031911 -25.4888782436893,152.032183339723 -25.519412638546,152.032311552281 -25.5376789143115,152.019086846606 -25.5682019457937,152.046662733204 -25.8839626512726,152.065402820494 -25.9601884687823,152.090383551575 -26.033739484137,152.164445213749 -26.1754325660703,152.260924836373 -26.3009275419138,152.3610334807 -26.4124017718601,152.402567111649 -26.4683103640653,152.45931790838 -26.527860239833,152.505134308855 -26.5492558659015,152.548123335135 -26.5580362416486,152.588994747666 -26.5623986116302,152.627397102054 -26.5626601384695,152.669311885293 -26.5556594121664,152.708037743995 -26.5404594991838,152.750974840197 -26.5170431298475,152.78427171136 -26.4913080996664,152.812595598501 -26.4733205270766,152.84645727332 -26.4458495298398,152.868088348189 -26.4223843832821,152.89531233891 -26.4023731786135,152.918644575672 -26.3818978420927,152.95228199915 -26.3634957902466,152.976389963766 -26.3400882315042,152.996315438254 -26.3124998859445,152.998023445355 -26.3122784255489,153.01451939935 -26.2851206268616,153.043598490139 -26.2499930563004,153.05626875452 -26.2107432520477,153.085482512466 -26.1553407558021,153.107858195677 -26.0586633654225,153.128696911849 -25.9057870004633,153.092003911921 -25.7727960514389,153.039754238247 -25.6115951118216,153.001310686858 -25.4888950260534,152.969890560192 -25.4089176404074,152.922844391926 -25.3242683806036,152.864940288211 -25.2410050628191,152.789432512498 -25.1633656569318,152.69249904021 -25.1039970368271,152.644277628498 -25.066574655218,152.577979323813 -25.0130175343127,152.528318764658 -24.9768590390924,152.477346574873 -24.9663460981812,152.463938280595 -24.9664886104524))"
Q8 Darling Downs,REZ,"POLYGON ((150.85196517423 -26.2919405603325,150.763410400105 -26.3111801119004,150.642429724044 -26.3174853328307,150.627488771639 -26.3124273403936,150.614389127568 -26.3124133583728,150.606913683635 -26.310725344578,150.590080976503 -26.3090284963712,150.576992514846 -26.307334010082,150.56950785383 -26.3073256058837,150.55268152196 -26.3056210675263,150.543353675368 -26.3022394619722,150.530289469213 -26.2988443126042,150.519098433201 -26.2954474821851,150.509765136119 -26.2937371833256,150.498551566876 -26.2937021506314,150.489230645359 -26.2903089730088,150.468673594248 -26.2902409202194,150.455590771119 -26.2901995575722,150.446246032886 -26.2901692649206,150.429426167647 -26.2901131752637,150.407025187178 -26.2866725457703,150.386469619906 -26.286599588956,150.367773459219 -26.2865588640975,150.35095076466 -26.2865144894895,150.335998557953 -26.2864735442495,150.311703911106 -26.2864034285737,150.298623644253 -26.2863639153244,150.279940607104 -26.2862996871009,150.263127823815 -26.2862373764648,150.2407127192 -26.2861514894849,150.220167617796 -26.2860695842844,150.201494625402 -26.285974610206,150.173460702189 -26.2891759850819,150.154762629557 -26.2924239452509,150.139798372646 -26.2956936688985,150.122995160022 -26.2955835534197,150.102416011979 -26.3004650936137,150.079996432591 -26.3019414397735,150.0706455814 -26.303536454424,150.059397978584 -26.3084806317278,150.046210134971 -26.3218240882235,150.027374334676 -26.34017004802,150.014188639658 -26.3535735899654,150.00851525774 -26.3619605406723,150.000989494455 -26.3686554557756,149.993464380333 -26.3753522053232,149.985939756036 -26.3820472550325,149.976577277859 -26.3853659674945,149.961570225647 -26.3936865354834,149.95220353574 -26.3969712140141,149.940923579037 -26.4052742934598,149.925902380359 -26.4135216209817,149.918368030746 -26.4201615754734,149.910817598085 -26.4284789657668,149.901397834741 -26.4367773542334,149.897567759209 -26.4468073679285,149.893768295523 -26.4534812464635,149.886244103036 -26.4584340278233,149.882423024074 -26.4667677613963,149.876765621737 -26.4717351234763,149.869177487043 -26.4833981279064,149.86344423647 -26.4967614152755,149.855873587384 -26.5067550792515,149.848316504341 -26.5150670896805,149.84079024915 -26.5200243177838,149.835100556427 -26.5283505501286,149.833100905665 -26.5417388432808,149.829240392199 -26.5534173891596,149.829170709796 -26.5601099224321,149.829021080933 -26.5751823998029,149.828910001011 -26.5869149352206,149.828767148303 -26.6019977511143,149.822991472651 -26.6186910742811,149.822863150105 -26.6320923554753,149.820852115583 -26.6454540580085,149.817002530841 -26.6554495377997,149.81689826318 -26.6654857495783,149.814935594428 -26.6738244778557,149.814806695297 -26.685522030053,149.814677694217 -26.6972198386452,149.81456713517 -26.7072465617737,149.814456560707 -26.7172734334428,149.814335456844 -26.7289823193665,149.814198368067 -26.7423650651212,149.814095581372 -26.7524014595641,149.81400965822 -26.760764592008,149.813940590846 -26.7674544741096,149.819456963466 -26.7775423557575,149.824922543894 -26.7926459660069,149.832313788309 -26.802749238565,149.83784805993 -26.8111606237324,149.847109306373 -26.8212735530383,149.858205597795 -26.8347387006126,149.865626872112 -26.8414858967502,149.871176019865 -26.84821694332,149.876691100011 -26.8582895538533,149.889684823022 -26.8700967532118,149.900842318167 -26.8785464328208,149.908253559901 -26.8869638703443,149.915682204308 -26.8937098159826,149.92312882569 -26.8987849283391,149.930575988363 -26.9038597123446,149.938039105594 -26.9072622845257,149.94734432193 -26.9140210729397,149.954792151884 -26.9190930942309,149.964114498907 -26.9241792388105,149.973453123491 -26.9275936122641,149.990241845717 -26.9360769130211,149.993974513452 -26.9377760555588,150.00886054986 -26.9495839235186,150.023748421952 -26.961388503595,150.031200981605 -26.9664547286512,150.040528667639 -26.9715337940922,150.0517316153 -26.9766255139316,150.062906384987 -26.9850577259852,150.483716962272 -27.121129683908,150.619961148275 -27.2309386655847,150.713658080016 -27.3558278207182,150.768442672997 -27.5224373797549,150.772005615537 -27.6586923858136,150.732223482702 -27.8591453332804,150.701430938556 -28.0178716201443,150.674097817645 -28.2017810625621,150.724318058663 -28.2903603605195,150.788816018535 -28.3882642270101,150.939480770731 -28.5558197272249,151.131282474358 -28.6821707991781,151.322916343782 -28.7529708999701,151.505448595931 -28.7610996009164,151.647473660326 -28.7374574718065,151.782881811983 -28.6796298207777,151.9202101796 -28.6093062937513,152.040878824579 -28.5145624486141,152.173639652468 -28.3915655370043,152.252810043925 -28.2702301923958,152.311966924505 -28.1567012719749,152.347050099842 -28.0673242299723,152.387978207033 -27.9435256980561,152.415956685563 -27.8190732219032,152.445477800477 -27.5454162370277,152.420557260897 -27.2697026504392,152.352824781416 -27.0219527105552,152.252618746804 -26.8103122086588,152.143171507949 -26.6624317233247,151.977483531804 -26.5138886240607,151.866723754064 -26.4447023535117,151.722471927184 -26.3961726198769,151.566057455767 -26.3764525641552,151.486959246848 -26.3753173715064,151.4869343729 -26.3746266867535,151.255294139987 -26.3495939437543,151.082177345537 -26.3245254563396,150.85196517423 -26.2919405603325))"
Q9 Banana,REZ,"POLYGON ((149.138125903528 -23.3149223200435,148.909306641489 -23.3151918845267,148.682393681518 -23.3383076522675,148.480296483216 -23.3838096350844,148.305537239956 -23.5368113457376,148.296284559266 -23.6590046793244,148.291161273439 -23.7499992691797,148.295366845124 -23.8556539705829,148.298571045227 -23.9530649210643,148.30167519966 -24.049877334188,148.307243088366 -24.1683714856067,148.30970499581 -24.1905105847637,148.313803632599 -24.2273494884414,148.317078284662 -24.2567677507843,148.314480432739 -24.3008459168048,148.325221162522 -24.33007990154,148.32841569683 -24.3592668960832,148.324881871262 -24.3956967346982,148.325679952855 -24.4029723950137,148.327732068237 -24.4120677193398,148.332083734691 -24.4240802025541,148.332777451589 -24.441051881097,148.341343787233 -24.4715604236116,148.347335790241 -24.4897527908315,148.348374823072 -24.5033818688833,148.351260314688 -24.5169644502009,148.354218547303 -24.5262023179041,148.355786351277 -24.5511958054506,148.358967283521 -24.5695077657179,148.368119835957 -24.5889162719598,148.37424402613 -24.6001499804889,148.377293409018 -24.6175989369173,148.38918633983 -24.6429321056913,148.396628517648 -24.6584948494139,148.408842074265 -24.6842594379974,148.442607991645 -24.7199204920123,148.461333659746 -24.7554982472843,148.482999042176 -24.8193582397339,148.527764120728 -24.8900267288847,148.54636446415 -24.9252536417014,148.580590288465 -24.9674136264923,148.598439919917 -24.9954979791571,148.616999077708 -25.0305447162517,148.634751839027 -25.0584775341701,148.659842301939 -25.0862737744127,148.671488471475 -25.1280213130299,148.70532652139 -25.1695425731766,148.731664280905 -25.2109646520334,148.755873777999 -25.2315390818705,148.782123694554 -25.2727949646888,148.800283828654 -25.3071317786431,148.816998188445 -25.3275999565499,148.841685304363 -25.3548057396015,148.850343000857 -25.3684261980242,148.873039898037 -25.3882417677559,148.888679105013 -25.4040616959597,148.897740729982 -25.4159442366189,148.906116003719 -25.4256784883902,148.916976786046 -25.4347545956796,148.968839527253 -25.4560232912445,148.993977488781 -25.4897737391905,149.017830081492 -25.5098888369566,149.042909130203 -25.5435299852978,149.059403344207 -25.5636649603206,149.084403844236 -25.5971799244047,149.108141058504 -25.6171347834947,149.139798462907 -25.6437295763021,149.171406559918 -25.6702648432825,149.187765401154 -25.6902078626292,149.228314354024 -25.7366158466242,149.284495574478 -25.7960314364028,149.347249234239 -25.8484717372042,149.378002606504 -25.8679740843076,149.408729203878 -25.8874460924371,149.43157440562 -25.9003408469341,149.446038615077 -25.9000777827666,149.506111681442 -25.9255298856181,149.550609496333 -25.9379925862871,149.580625851747 -25.9507002180059,149.610072875107 -25.9567750814961,149.624517336309 -25.9565011856698,149.66171109425 -25.9690369102636,149.705014677306 -25.9681944378597,149.749374887521 -25.9805532067307,149.778210314843 -25.9799653230089,149.808079672184 -25.99256102997,149.837405385952 -25.9985427517272,149.851802401247 -25.9982326454956,149.881630881265 -26.0107941645306,149.940703901242 -26.0292712369238,149.977654065603 -26.0416128635479,150.021268963311 -26.0472036515137,150.057680876261 -26.0529444726393,150.10795155042 -26.0517702316187,150.159133337837 -26.0636710268614,150.202629700887 -26.0691594750102,150.274300143841 -26.0673501335169,150.317288614918 -26.0662478129683,150.360726151502 -26.0716855744397,150.382209103625 -26.0711235002706,150.418002750618 -26.0701793361668,150.482376902417 -26.0684009430626,150.532420703618 -26.066983202171,150.582891643096 -26.0720993385427,150.618623795475 -26.0710705581842,150.647206176603 -26.0702421899452,150.675784131535 -26.069407375789,150.725786835317 -26.0679338522752,150.761496258069 -26.0668712482974,150.790059247371 -26.0660155404234,150.840416137753 -26.0709924843262,150.883590196028 -26.0761227114501,150.919229018832 -26.0749439637389,150.954865164476 -26.0737566903687,150.97624597105 -26.0730401097149,151.011878075355 -26.0718391152316,151.047507403239 -26.0706295022724,151.09738451205 -26.0689206079254,151.125886840486 -26.0679375899805,151.161513877791 -26.0667168704428,151.1900064753 -26.0657180690819,151.22524759854 -26.0579107069829,151.246248439266 -26.0506066054275,151.296106575762 -26.048803575295,151.324236959803 -26.0412269931711,151.345248429081 -26.0339041740299,151.380157662726 -26.0195061667678,151.407594072422 -25.9987614525859,151.434694378695 -25.9714053483629,151.447903426298 -25.9511289518358,151.467558585629 -25.9173775798168,151.480096339337 -25.8838376233909,151.49264734469 -25.8502415294061,151.512015029434 -25.8096891351348,151.5106406486 -25.783150538323,151.515731213532 -25.7430061314805,151.521514965812 -25.716107858382,151.527302682254 -25.6891639650196,151.532757036325 -25.6555165998674,151.538556261096 -25.6284993909846,151.536847790997 -25.5950272983762,151.536505853738 -25.588326524312,151.533768547937 -25.5346370079669,151.532397926102 -25.5077388626246,151.530340427314 -25.4673251530313,151.528623269948 -25.4335850297066,151.512169223469 -25.3935642557304,151.496735257176 -25.3737916086834,151.473036611384 -25.3339261343819,151.449665674857 -25.3007807517378,151.419766229822 -25.2814498283421,151.403912556953 -25.2547431915917,151.367119736482 -25.2424443673211,151.32272339282 -25.2235662920658,151.307917622097 -25.2172668878985,151.263848859211 -25.2051460882613,151.226963798369 -25.1926777337854,151.204515524506 -25.1797015194486,151.190058300971 -25.1801901891763,151.131445714804 -25.1684442913526,151.072401946287 -25.1498136480801,151.043063404676 -25.1439179934343,151.013309535764 -25.1311386711469,150.983947531714 -25.125210484494,150.946916870477 -25.1126166095559,150.932014977313 -25.1061955467072,150.895377146199 -25.1004685916633,150.858727233549 -25.0947306818116,150.82163431791 -25.08208164682,150.799448184052 -25.0758447064934,150.769563934328 -25.0629135990661,150.725149080368 -25.0504014340788,150.695673150862 -25.0443512085595,150.658024319737 -25.0246620849116,150.620344200977 -25.0049413068918,150.59036214544 -24.991916850208,150.567170097863 -24.9717231904714,150.499361256811 -24.9388164067195,150.461966770452 -24.9257971046725,150.417188434694 -24.9127990681889,150.394289708267 -24.899292540499,150.364068097266 -24.88593042504,150.341639528371 -24.8794008813297,150.310874886984 -24.8589946475891,150.280080894524 -24.838555962142,150.234117472359 -24.8114052364776,150.188129619822 -24.7842521166757,150.157265039614 -24.763769153978,150.13317917896 -24.7360459387605,150.110125077042 -24.7224033340008,150.069718110807 -24.6737041594847,150.037064868335 -24.6316928547302,150.019598808226 -24.5963831520413,150.002655168924 -24.5681211224294,149.992506290039 -24.5325253548518,149.976085008133 -24.5113233887479,149.960211294537 -24.4972616028666,149.919915798746 -24.4548652461205,149.894903965951 -24.4192966121228,149.870430656489 -24.3908625101174,149.861306175231 -24.3693465377889,149.828802053123 -24.333719476338,149.811656531079 -24.3050121289508,149.787074999134 -24.2763782276694,149.769864483355 -24.2475368287052,149.752584685357 -24.2185611393594,149.7272326744 -24.182316017536,149.721951874523 -24.1538156633559,149.71251883337 -24.1230932091377,149.704359810362 -24.0871072270127,149.690106567418 -24.0060814234634,149.675283960526 -23.9174468325638,149.62740941366 -23.7080546261075,149.574263073272 -23.5268411158738,149.331789058041 -23.3527095849268,149.138125903528 -23.3149223200435))"
N1 North West NSW,REZ,"POLYGON ((149.638619053853 -28.7805845591374,149.577731895222 -28.8385270682097,149.527044971257 -28.9031327614527,149.463888458299 -29.0207293771083,149.38069261017 -29.3170933625835,149.338024344223 -29.5428421829582,149.315236133641 -29.7918840056252,149.300380725548 -30.1014494129376,149.289467420838 -30.30254515533,149.291700004635 -30.4900494936979,149.296803255646 -30.6037342662464,149.318940288729 -30.7252433417346,149.360518857585 -30.8450942749617,149.36052944742 -30.8457597776877,149.413924142254 -30.9329934628417,149.469072004933 -30.9828933595954,149.540335298129 -31.0199178081927,149.625366248764 -31.0434173477582,149.732258908535 -31.0592719590172,149.732876594166 -31.0587257481099,149.826942400269 -31.0615462254679,149.826922081446 -31.06047367938,149.903800069457 -31.054417539044,149.977843220162 -31.0360573705472,150.051524474632 -31.0048287793864,150.13827976427 -30.948726792392,150.201128975658 -30.8790423468727,150.257176970365 -30.7747645710203,150.283165299236 -30.7055246623458,150.315064351843 -30.588648704601,150.334762518147 -30.4408137313721,150.336919307905 -30.1200874327872,150.332505705609 -29.7141525427023,150.3164928923 -29.2793129333719,150.294866776517 -29.0917231134083,150.269576280152 -28.9861729535889,150.222116062918 -28.872624165878,150.186042023527 -28.823151712679,150.147473164165 -28.7843203864705,150.090089350104 -28.7483355873275,149.995828975266 -28.7208127717311,149.893684348485 -28.7102606834857,149.811053080672 -28.7114419198609,149.712361906206 -28.7369938513607,149.638619053853 -28.7805845591374))"
N2 New England,REZ,"POLYGON ((151.155395734376 -30.8376554264569,151.251450285242 -31.0167727333294,151.377094249562 -31.1485447197961,151.512466691354 -31.2025114000407,151.691197013761 -31.2296719340184,151.939816414168 -31.2058446776018,152.018725132261 -31.0534998111892,152.057799233706 -30.8947202433826,152.390766490218 -30.8093716627371,152.447538631522 -30.657392274724,152.486714537471 -30.4526676075789,152.234646836057 -30.1158903811899,152.236624090039 -29.909374692891,152.380774881997 -29.7039692843011,152.465072627775 -29.5474616450475,152.414494476476 -29.3634915894962,152.211796751231 -29.2889872133437,152.011669017047 -29.2994991295671,151.79203737297 -29.300312526904,151.58486898772 -29.3309254211491,151.459939059187 -29.5576951834558,151.290177201297 -29.7484891380999,151.074560429372 -29.9845319791154,151.058215684974 -30.2655128490752,151.082075329992 -30.5365887046556,151.155395734376 -30.8376554264569))"
N3 Central-West Orana,REZ,"POLYGON ((148.253637088578 -32.3662288589637,148.578154663463 -32.6818260609999,148.708099855041 -32.7424318211759,148.786732063555 -32.7966853867271,148.877600120243 -32.8413887011719,148.879809882662 -32.8377192019849,149.015853471829 -33.0963521979763,149.127108189815 -33.1082692672853,149.160443075421 -33.028113005135,149.263271132952 -33.0092715219134,149.381759978139 -32.9647013036001,149.613881332867 -32.8378616561969,149.817508760923 -32.6575485738205,149.837665312674 -32.5312115028492,149.833855853592 -32.5057459404731,149.82175204662 -32.5007219446513,149.813155078793 -32.4947601820981,149.814268712533 -32.475372015687,149.835408412438 -32.4677528104107,149.85620168388 -32.4546581584652,149.869959470995 -32.3958383949604,149.869012312302 -32.3394277746325,149.872816210822 -32.3256806239923,149.805385937662 -32.2789370139892,149.801946012585 -32.2764790324955,149.801009034329 -32.2717361261012,149.800506885478 -32.2674428995714,149.802228865178 -32.2559228406275,149.803720816185 -32.2491991131131,149.805162863761 -32.2434374496892,149.805316123488 -32.2405360112715,149.801325588891 -32.2023158714359,149.81712568452 -32.1894547127439,149.841695669485 -32.1682015686376,149.892738559035 -32.1725875130421,149.943198800947 -32.1878158993569,150.001334527542 -32.124150134672,150.041531194108 -31.9802925680331,150.01804375563 -31.8538926788937,149.935357853358 -31.7914024609384,149.933407891231 -31.7069825321737,149.865654623138 -31.6714491718738,149.834188179648 -31.6433457017611,149.706957490106 -31.6115430489616,149.560539847551 -31.542341509669,149.306439220781 -31.4522490846329,149.149035163637 -31.39785472443,149.114843525015 -31.376844279947,149.078747713027 -31.379818434781,149.041777195408 -31.3927797516883,149.027803160456 -31.3987235755299,149.020004967938 -31.4009583636702,149.002774197904 -31.4093127365299,148.973721507936 -31.4120463105042,148.955914795601 -31.3982190701579,148.931430715761 -31.4024759094673,148.918834523048 -31.4057339793746,148.914018759876 -31.408073593184,148.902916334213 -31.4127232606933,148.89804874528 -31.4203660144011,148.879501953107 -31.4261228523718,148.849051673883 -31.4692805235134,148.774666976984 -31.5572572151708,148.658194992944 -31.6932256281865,148.496147168112 -31.6702410408489,148.381325186465 -31.6875554925803,148.323643402417 -31.7875636844192,148.267270404186 -31.8217046803171,148.229217867094 -31.9566511528921,148.244581536813 -32.2759175046872,148.253637088578 -32.3662288589637))"
N4 Broken Hill,REZ,"POLYGON ((140.853518462125 -31.3812163857391,140.789176171443 -31.4573035246662,140.675678728327 -31.6101605825468,140.563928179898 -31.8310380328643,140.506492037281 -32.0255514881252,140.476815262276 -32.229705794871,140.482892095461 -32.3807696309701,140.521198019393 -32.5461735416575,140.572717651652 -32.6652337239307,140.664898199127 -32.7897556352409,140.772719970568 -32.885326113651,140.926899351191 -32.9646221360551,141.029211814356 -32.9938565104647,141.175754766184 -33.0081913122387,141.334291227795 -32.9885204013917,141.540552391597 -32.9303946471797,141.717465255382 -32.8358544494791,141.894962704534 -32.7042072660125,142.03923395365 -32.5603491544918,142.222212823174 -32.2991739819762,142.303317999709 -32.1343767197725,142.36920980173 -31.9169868339412,142.374647683703 -31.639715800217,142.317425806362 -31.3931513788652,142.188047639024 -31.1872082369743,142.011123064556 -31.0645794757136,141.827546421829 -31.0011428720768,141.622130319818 -30.9935411874723,141.367679488794 -31.0375387714231,141.154324039075 -31.1377409008477,140.922984144836 -31.3165191748263,140.853518462125 -31.3812163857391))"
N5 South West NSW,REZ,"POLYGON ((145.398229474743 -35.263362831942,145.436165343666 -35.2659902902205,145.463545973101 -35.2807659223948,145.488113660071 -35.2790436732396,145.509715954054 -35.2696173318673,145.5286879508 -35.2252312380591,145.580574665926 -35.2277055306298,145.608186840171 -35.214315882476,145.614118643021 -35.1892885872465,145.686222680332 -35.1498406676802,145.712491048367 -35.1540908200097,145.749190788921 -35.1480211446547,145.767560865087 -35.107531506567,145.785273894437 -35.093263946987,145.795793405331 -35.0477807976125,145.825307676609 -35.0449210191427,145.853286182413 -35.0419413839049,145.856999804797 -35.0138606666715,145.851731425811 -34.9864390298367,145.774821860471 -34.9763048803037,145.740776187794 -34.9231502880823,145.697313876264 -34.8558002873005,145.694864341188 -34.7808030034564,145.712648022078 -34.7251151952107,145.729193510296 -34.7007308313627,145.744934474569 -34.6689794255979,145.762399953273 -34.6324483276712,145.811047398526 -34.5926922923692,145.809364048249 -34.5668172896496,145.756007826394 -34.5317098152925,145.594376826958 -34.3773168030056,145.456030088586 -34.3247544245191,145.260683353248 -34.3052198106007,145.027274811595 -34.2938472762786,144.748481368136 -34.2611499156205,144.671717920402 -34.2476755524723,144.575745179211 -34.2461283171396,144.497001697227 -34.2466154331563,144.402305443794 -34.2363585260402,144.255258351042 -34.2453712755078,143.694117992502 -34.2147518897673,143.232245801185 -34.1785205472909,143.209374753442 -34.2461946108681,143.161109033943 -34.238335117579,143.173439833477 -34.1573956203045,142.942735821412 -34.1206984799857,142.863292814134 -34.1100107446413,142.51278900731 -34.0588623593666,142.447478475547 -34.0117082904611,142.392346774293 -33.9828186352244,142.364077326423 -33.9807692269902,142.299385200287 -34.0005362789542,142.287206402102 -34.0114524255919,142.228271513455 -34.0285962461012,141.943872598127 -34.0161364496493,142.032656444028 -34.0708520902004,142.197060455243 -34.1003492032707,142.189378185142 -34.1611038991249,142.217819530007 -34.1791989236962,142.238889874667 -34.2323245681765,142.244969295395 -34.2840308318035,142.236184815412 -34.3062176007795,142.276129967119 -34.3219399663281,142.316931289247 -34.3314729054312,142.341490107763 -34.3334928453973,142.371361558063 -34.3353738632597,142.370243254361 -34.3626478297199,142.365671631613 -34.3829793874844,142.369100040154 -34.418053706702,142.37036656082 -34.4523115143454,142.375929193336 -34.4873440289921,142.386694056393 -34.5187370184359,142.423693466462 -34.566185427143,142.447533422319 -34.603429422401,142.473774699125 -34.646795293972,142.497369834573 -34.6761519666315,142.508851581267 -34.696828123598,142.511946681754 -34.7213533995478,142.532034383701 -34.7427912591042,142.571340245782 -34.7628453149949,142.597309189337 -34.7700595602961,142.638072184624 -34.7724726584094,142.659076197438 -34.7367315644089,142.665369276675 -34.7075528195321,142.680377538684 -34.6825259661916,142.693098924602 -34.6540464380615,142.70271946835 -34.6282889325286,142.71679500049 -34.6067990377844,142.734244142454 -34.5896055044326,142.768873404464 -34.5745536626647,142.791618538252 -34.5563143704749,142.806490695251 -34.5796253650599,142.822371461157 -34.6011466536469,142.844748741835 -34.624237945274,142.871511373398 -34.6489598224592,142.900170258328 -34.6674714605419,142.938802336505 -34.6689696255545,142.974797082556 -34.6828555992313,143.020176346299 -34.689419429452,143.064348646127 -34.6924847578579,143.11277034635 -34.6936462442253,143.156276861935 -34.7088202020931,143.213915524318 -34.728955696597,143.263492192805 -34.7590061204625,143.302035054769 -34.7814882127383,143.329354301577 -34.7929022204533,143.353344944918 -34.8017832451884,143.37803840985 -34.8247090170785,143.389524723837 -34.8365801240658,143.484391233523 -34.8828871564046,143.753118711823 -34.9685110132832,144.200415167748 -35.0565314991723,144.530924125426 -35.1217174952938,144.788469275009 -35.2057731536372,144.952342710241 -35.2541377485435,145.209807042602 -35.2769441273993,145.343219153793 -35.2862288015459,145.398229474743 -35.263362831942))"
N6 Wagga Wagga,REZ,"POLYGON ((147.536404479257 -34.9165349630569,147.502822192167 -34.8957265984653,147.476547280859 -34.8720579972808,147.448077676204 -34.8574223716768,147.4341044216 -34.8532013279207,147.423459600904 -34.8525400763054,147.409866858187 -34.8370624469661,147.373806516358 -34.8227000110343,147.293957198584 -34.7942803922963,147.179837263425 -34.7768595699559,147.005469561153 -34.7298357274979,146.825789854339 -34.7211982446444,146.627013128429 -34.7193951632941,146.403463297135 -34.8334890116743,146.288906233597 -35.0233541080203,146.257148410826 -35.2325561832224,146.319817532115 -35.3743231699144,146.510449578704 -35.4792356369506,146.754640623731 -35.5528989482429,147.004943805999 -35.5938582722393,147.232663242224 -35.5873012511904,147.451101643619 -35.5615277018915,147.581674906735 -35.5171420338462,147.619070051399 -35.4452135317075,147.64680764946 -35.3672498881335,147.671211112651 -35.2905171452665,147.672157017682 -35.2325904240043,147.664818547033 -35.1750773750294,147.665361878595 -35.1609490209603,147.662337637805 -35.1495588853095,147.653090915816 -35.1210250802534,147.65342880434 -35.1125452241939,147.640383127773 -35.0924088760383,147.637377577486 -35.0810155171507,147.634032990357 -35.0781010994454,147.624341444813 -35.0608785449202,147.618110991261 -35.0437445963302,147.611654864196 -35.0322627791966,147.581214137787 -34.9629673788686,147.536404479257 -34.9165349630569))"
N7 Tumut,REZ,"POLYGON ((148.387780928637 -34.9419676739724,148.285901916122 -34.9916911651256,148.192185931392 -35.062511814603,148.093305993056 -35.1884966751545,148.030341400658 -35.3103867536407,148.001087561495 -35.415452938463,147.977281108755 -35.5904728641442,147.966121007134 -35.7326248644991,147.980922642183 -35.8703090915214,148.021370037201 -36.0304581141126,148.111465243145 -36.19362102734,148.16969235581 -36.2712188505729,148.258400979427 -36.3520133722242,148.348460956538 -36.4016440792359,148.434357511202 -36.4323556367954,148.481417852525 -36.4398888460609,148.593372787194 -36.4358918969248,148.695398148323 -36.4073989201294,148.791586032333 -36.356612536498,148.89275833369 -36.2700792865235,148.967251782713 -36.1614094396193,149.04102654918 -36.004689706372,149.080262314873 -35.843608671601,149.096087664533 -35.6734972369875,149.079383424257 -35.5290460671237,149.055732980844 -35.4198366245156,149.012747265517 -35.2885526014297,148.950307685583 -35.1724560611418,148.885270428717 -35.0916403713897,148.779627814149 -34.9988717061206,148.686247897754 -34.9479608963817,148.638120101037 -34.9348161097625,148.575536912015 -34.9243748935139,148.47117099415 -34.9210906618359,148.387780928637 -34.9419676739724))"
N8 Cooma-Monaro,REZ,"POLYGON ((149.292436280963 -35.923427694683,149.245978753 -35.9408487492716,149.182915107862 -35.975299142003,149.131990172039 -36.0348793944288,149.104873048627 -36.1173371436725,149.085521773235 -36.2006979583907,149.084458683138 -36.288027266076,149.097553149853 -36.3646523459096,149.149361161877 -36.4860203967016,149.197829787973 -36.5621890796101,149.251164559425 -36.6141018274912,149.293733700029 -36.6482615419331,149.367686400897 -36.6767342809131,149.436131340184 -36.6905232870756,149.525258603216 -36.6903095377033,149.591638375337 -36.670401204776,149.649586599568 -36.628513176237,149.695327714779 -36.5720855509611,149.730070411656 -36.4969128712008,149.746160334375 -36.4094328011233,149.738237684691 -36.3013172035085,149.708555721425 -36.2071821716983,149.678175597303 -36.135088578593,149.622921478877 -36.0538484734143,149.565726184029 -35.9978250643806,149.510255091303 -35.9585709833794,149.452489589071 -35.9319499518028,149.391155783217 -35.9201004366174,149.332616755278 -35.9176687419933,149.292436280963 -35.923427694683))"
V1 Ovens Murray,REZ,"POLYGON ((147.163793012879 -36.2681970310605,146.994660398845 -36.3092241805896,146.770219624101 -36.4084949928082,146.612554154426 -36.5117530858619,146.43066486224 -36.619073563739,146.22758578844 -36.7513949384875,146.108293579092 -36.8279768851814,146.042872685451 -36.866584204955,145.952471465315 -36.9260573524013,145.877086304698 -36.9929603582897,145.81940775804 -37.0719293883086,145.785888550856 -37.146330772204,145.765202351282 -37.204318104361,145.746311212308 -37.2292468825587,145.762302452 -37.2626903016261,145.789040831121 -37.3003412393254,145.825045223659 -37.3357999772055,145.876807838143 -37.3640029949378,145.930801009067 -37.3778897951017,145.989275630968 -37.3917232703161,146.067932907577 -37.401799458136,146.173415287311 -37.4026827614356,146.303374124867 -37.3961457166731,146.475396190338 -37.3659301958854,146.686910523473 -37.3137869434697,146.842113408297 -37.258589864871,146.994702638418 -37.1997759791018,147.181865198624 -37.1083878095095,147.430078386664 -36.9856563774125,147.602241922638 -36.862029344735,147.76696123516 -36.7204808146834,147.86975134665 -36.5940622085089,147.932257942974 -36.4865158952595,147.946976170611 -36.4240718318355,147.948656765221 -36.3772664103336,147.940103392702 -36.3338750739568,147.918841394452 -36.2907480020248,147.875354099549 -36.2480851470275,147.821966006869 -36.2177915355642,147.748164352646 -36.193654500756,147.683499984348 -36.1814678696147,147.593626212786 -36.1748356983911,147.475399217976 -36.1756541226774,147.338078197702 -36.2069103404101,147.163793012879 -36.2681970310605))"
V2 Murray River,REZ,"POLYGON ((142.373670004495 -34.4964409478867,142.362625867223 -34.3800058443004,142.374219303534 -34.3343936480086,142.305927340191 -34.3319678133728,142.235191923374 -34.3089359631608,142.241653375999 -34.2579360040602,142.218914086786 -34.1827966742133,142.159609510731 -34.1524958239108,142.056659526027 -34.1561898956328,142.031181084956 -34.1884112625577,142.020882562516 -34.227164722812,142.014289847609 -34.2768367160456,142.012086101726 -34.309882839285,142.009172496138 -34.3223178997523,142.009360304093 -34.3278131453694,142.014641102175 -34.3379244095088,142.012361211024 -34.3423361413854,142.010749706332 -34.3476444563285,142.008484358503 -34.3564978129209,142.000123847745 -34.3907756690666,141.990859757839 -34.4290813616721,141.986059849812 -34.4578984035308,141.989728114109 -34.4876864545948,142.001128402281 -34.5412714596518,142.020686594477 -34.6070864103911,142.048744789718 -34.6800390080092,142.159412163919 -34.9057812171725,142.280570766919 -35.1232588561159,142.440173265914 -35.3552381981364,142.693669853229 -35.6293238850327,142.869660378735 -35.8055546775073,143.006975564614 -35.9114199106459,143.160345543153 -36.0256789878316,143.339562651603 -36.1548717092504,143.883834065301 -36.5253423849807,144.126615308831 -36.6239051822338,144.319195378518 -36.6222229725789,144.424829871235 -36.5494333203521,144.405722594323 -36.3941618052145,144.370058300148 -36.2499078148618,144.314782705014 -36.114510148771,144.256044335476 -35.976100444841,144.201554396786 -35.820869573215,144.160730494309 -35.7135979175074,144.131389344293 -35.6514023625043,144.078598232655 -35.6022004400764,143.900974214156 -35.5075578872556,143.700435221733 -35.4117186940486,143.653837987098 -35.3896795049516,143.623610518008 -35.3762365912278,143.579719043394 -35.3476557402687,143.563557851253 -35.3301298225038,143.491192345773 -35.2768832873233,143.398426110704 -35.1910012312896,143.348490573104 -35.0992683641946,143.32395700166 -34.9421953014109,143.271551961399 -34.8202338117622,143.238969976125 -34.785819988771,143.192386896033 -34.7506953319425,143.117040871267 -34.7003790592859,142.99371321861 -34.6864646413873,142.942707713498 -34.667391151351,142.892519645511 -34.6661295560935,142.862834138271 -34.6367901460486,142.847409376882 -34.627629323693,142.815759382196 -34.5901063175793,142.794192470407 -34.5536636571532,142.756929430947 -34.5794444975135,142.707935059082 -34.6041682260008,142.693033908403 -34.6471417271845,142.66879521922 -34.7068481944152,142.637955198713 -34.7694885641067,142.592879774097 -34.770721774799,142.55577275718 -34.7621096905342,142.50919809658 -34.7249107544061,142.49720948859 -34.6744347970466,142.373670004495 -34.4964409478867))"
V3 Western Victoria,REZ,"POLYGON ((142.797438240077 -36.4279092550637,142.581334869449 -36.3005804915629,142.372579074175 -36.1851416054777,142.175449616086 -36.0933819344501,141.963288693765 -36.0005528918825,141.827715022573 -35.9568808537521,141.747686136517 -35.9369046447981,141.65595513293 -35.920777090634,141.5996968333 -35.9132374485879,141.539225239223 -35.9123251090387,141.483544344144 -35.9149430399243,141.433685783894 -35.9225600597195,141.382666178666 -35.9369956795527,141.334292627866 -35.9590150338161,141.294235562314 -35.9838257000782,141.256178069759 -36.0137056578205,141.220040232809 -36.0499083421277,141.192146556727 -36.090173876022,141.180058557149 -36.1247764735234,141.180210717868 -36.1754953387162,141.201583652287 -36.2351541565088,141.252502120479 -36.3147412974368,141.335321893863 -36.413944163614,141.421161147669 -36.4939294901183,141.531975231999 -36.5909897070327,141.673679446081 -36.7008553273391,141.912672395514 -36.8657764713116,142.210540857499 -37.0463278644653,142.470535313042 -37.1848576668301,142.789286323542 -37.3387380657231,143.067107540035 -37.4594416717709,143.443218447311 -37.592040941716,143.443163390235 -37.593883481307,143.68065131576 -37.655215986413,143.801505008119 -37.6781296735782,143.908799285949 -37.6906434971147,144.017212295453 -37.6899575505975,144.070941751042 -37.6792828347794,144.105879393684 -37.6683283858212,144.138055498095 -37.6504605424094,144.154238089557 -37.6363753606746,144.167503868712 -37.6233938030971,144.173680556602 -37.6023091926892,144.172797253949 -37.5719848976075,144.166098939291 -37.5438797933099,144.145964303986 -37.5018898972554,144.14600950375 -37.4996040650673,144.107369038552 -37.434915568467,144.037237669855 -37.3521385020371,143.944594177608 -37.2656698468631,143.834177643556 -37.1630363984059,143.707093991882 -37.0623335313381,143.530399705364 -36.9242466725209,143.369340356972 -36.8053007544304,143.076836867104 -36.6050122178869,142.797438240077 -36.4279092550637))"
V4 South West Victoria,REZ,"POLYGON ((142.483723358444 -37.7664523798123,142.093109854048 -37.7858753781946,141.705202724032 -37.8019927702027,141.389776978032 -37.8346792504687,141.117899335204 -37.8677000652998,141.006894865283 -37.9176635315456,140.995615506219 -37.9935248024012,141.058173030159 -38.0761079541953,141.134634134817 -38.1235268081575,141.228809791344 -38.1742782023468,141.326944935499 -38.2517771671592,141.400879145746 -38.3312493392694,141.352156778561 -38.3772235778155,141.520200006288 -38.4371150933083,141.656501770289 -38.3890784857687,141.605901153417 -38.3151559735319,141.623687769349 -38.3013717323571,141.629018395435 -38.2967325887769,141.634481388872 -38.2936789833734,141.647454609771 -38.2892039580897,141.656766266595 -38.2862379880003,141.665979890826 -38.2816312597861,141.673521148482 -38.2802173004264,141.682775346832 -38.2755856665094,141.688321144066 -38.2724717253494,141.697884300627 -38.2726923900498,141.705370722741 -38.2696247342199,141.714879994446 -38.2682470605699,141.726320322285 -38.2669225258894,141.733854216287 -38.2638510452586,141.739549836073 -38.2623647967171,141.749165256052 -38.2626237715181,141.758779703583 -38.2628825483941,141.772238661912 -38.2632439515289,141.776083699026 -38.2633469476236,141.783821076582 -38.2651915198257,141.795347377827 -38.2654955981073,141.804988579144 -38.267385117974,141.81650621528 -38.267684950022,141.828022513466 -38.2679826826884,141.837618037721 -38.2682297554299,141.841456060217 -38.2683280374295,141.852994963537 -38.271890687618,141.862586780412 -38.2737664724703,141.874080104121 -38.274056313034,141.879824640929 -38.2774570220301,141.895124232902 -38.279476289849,141.900837469696 -38.2828631968323,141.906538651141 -38.286240747311,141.917966819413 -38.288140540938,141.925547866034 -38.2915661137257,141.936917176021 -38.2950621914818,141.940659690728 -38.2983676189051,141.95012800272 -38.3002119989138,141.959544496102 -38.3036444060436,141.970836694304 -38.3071080719219,141.976474131696 -38.3088402215948,141.991516224552 -38.3123928116275,141.998964406648 -38.3157557810492,142.010106589825 -38.3208076358173,142.019399704704 -38.3242113855729,142.028749049237 -38.3260225469235,142.036049596909 -38.3309117775502,142.043411743606 -38.3342083331033,142.052551003213 -38.3390983132362,142.059968482386 -38.340820740819,142.068968709447 -38.3472542132837,142.076160895603 -38.3520815884433,142.085197330032 -38.3569344045426,142.094313880282 -38.3602287580203,142.105161784103 -38.3650950210719,142.114235853743 -38.3683682745511,142.121554127888 -38.3700619088737,142.130721587343 -38.3717967211461,142.14160866417 -38.3750903365356,142.150620027864 -38.3783367515787,142.159612902126 -38.3815771010644,142.168730244829 -38.383292706624,142.179540759775 -38.3865604634103,142.188634908453 -38.3882679577811,142.195870953422 -38.3899374887209,142.203102729572 -38.3915992523416,142.213855364163 -38.3948406212438,142.221067422323 -38.3964964668989,142.230287227622 -38.3966832468468,142.241173278242 -38.3984109245041,142.248545514938 -38.3985587888137,142.249271823095 -38.3925302864197,142.249789446891 -38.3727368465506,142.261318471209 -38.3698959276135,142.26709254249 -38.3684710715788,142.278656659525 -38.3656177860413,142.286714546304 -38.3611449265906,142.294385373731 -38.3597462970576,142.302273853233 -38.3567993928019,142.315356716059 -38.35705074554,142.324701671178 -38.3572294148457,142.332177863805 -38.3573715420368,142.339652156894 -38.3575154778309,142.351086389943 -38.3561968861336,142.356691158822 -38.356308219342,142.36978098169 -38.3565524381784,142.379115559086 -38.3567431049509,142.386582599811 -38.3568952556745,142.39755162445 -38.358640882419,142.400781312887 -38.3617884182755,142.409342088927 -38.3665667822861,142.414669504035 -38.3682069962706,142.419715721689 -38.3713877295894,142.428217493561 -38.3761417034251,142.436679066461 -38.380894916984,142.440116922066 -38.3824828424595,142.450398856441 -38.3872468514664,142.459663587579 -38.387410716554,142.467778734638 -38.3936232977415,142.474305028551 -38.3982748097002,142.479551417571 -38.3998769582375,143.110262843565 -38.2808122580089,143.356175110532 -38.2463793790927,143.527866147048 -38.2264066788253,143.688035431797 -38.1967445980596,143.89903216331 -38.1421483226718,144.054336487863 -38.0655370592677,144.132904618104 -37.97844482295,144.139624918784 -37.9367852019911,144.116696927357 -37.9017156313148,144.078869571701 -37.8757339946835,144.002997967994 -37.8399763243386,143.798549993314 -37.7943127317847,143.628271857681 -37.7787062530675,143.393922773306 -37.7745630996722,143.075730087894 -37.7522334207563,142.752017529808 -37.7573995011251,142.483723358444 -37.7664523798123))"
V5 Gippsland,REZ,"POLYGON ((147.520832201858 -37.7900361529111,147.361757848748 -37.7901922028551,147.248439459628 -37.8043754245581,147.118122427731 -37.8379479749364,147.018097007718 -37.8704065864125,146.826182597252 -37.9559116337659,146.672951297363 -38.0263714864921,146.578420430741 -38.0930133090926,146.522493558942 -38.1348828438467,146.461257746588 -38.2466281543883,146.484317631261 -38.3304498983119,146.539535050253 -38.4104090786604,146.664223966273 -38.4918072421303,146.75448878571 -38.517284787086,146.838059046733 -38.5314575175314,146.910238739669 -38.5275146403815,146.941911655522 -38.520495025426,146.96142054685 -38.5110922260365,146.978926135317 -38.5037337653659,146.989202368463 -38.4953083399531,147.020580557473 -38.475794680803,147.06222732887 -38.4499508672542,147.114429453018 -38.4126326514331,147.157836307848 -38.37911240943,147.191409854967 -38.3482378662435,147.241106533077 -38.304392501972,147.278329315616 -38.2715023027881,147.325891505753 -38.2278542066306,147.387481213747 -38.1714261826721,147.43545627357 -38.1308894488797,147.511442191947 -38.0438250325466,147.571750461343 -37.9847402865861,147.601120634043 -37.9467800721039,147.61981660804 -37.9088561188666,147.609955023275 -37.8704732363035,147.573089157539 -37.8077653652674,147.520832201858 -37.7900361529111))"
V6 Central North Vic,REZ,"POLYGON ((146.073015926524 -36.4381362791864,146.012080364691 -36.327134856164,145.837036014921 -36.2469487498747,145.626697833805 -36.2136132692028,145.426294660248 -36.2221474909035,145.238489252007 -36.2600808804224,145.077126811163 -36.2844962404269,144.978375103315 -36.3244699704979,144.829752168528 -36.379747817418,144.729138858981 -36.4367128739105,144.629083890421 -36.4857215160644,144.540393659259 -36.5513459505639,144.512955413488 -36.6348105737379,144.541859162121 -36.7078285560261,144.649125713715 -36.7754942819205,144.801545641613 -36.7701013166886,144.958960746169 -36.7552740127718,145.155908781331 -36.7432055980155,145.407859098879 -36.7104571347066,145.642643368136 -36.6779606490763,145.835941378891 -36.6196200608665,145.987937295549 -36.5843765744392,146.073015926524 -36.4381362791864))"
S1 South East SA,REZ,"POLYGON ((139.548322680379 -35.1481525165371,139.534464999812 -35.1485721646686,139.492879292965 -35.1498218828208,139.458208472835 -35.15085303792,139.423524165853 -35.1518742347304,139.389699104124 -35.164081931157,139.377956701423 -35.1924526999108,139.365778907488 -35.2152277086732,139.354878212521 -35.2547763339598,139.350494925188 -35.2885226794412,139.345218767943 -35.3110701493935,139.34690560788 -35.3334137067075,139.341204747914 -35.3503710383569,139.329796424885 -35.3842828325909,139.319221627325 -35.4293558154868,139.307374880282 -35.4576753693052,139.310319280158 -35.4967424034459,139.311572293079 -35.5134788344801,139.316103781549 -35.5748014288855,139.318165108537 -35.6026669179472,139.320227651847 -35.6305266113116,139.323116531888 -35.6695219302559,139.328074216243 -35.736345162598,139.331362189743 -35.7808700352444,139.334233912243 -35.8198160586063,139.337899859624 -35.8698660305699,139.552201119527 -36.0805064760675,139.746011557321 -36.3926824139383,139.854926303541 -36.6754822899602,139.857681047254 -36.7817727045219,139.822563208929 -36.8675076890703,139.682844403449 -36.9504976462146,139.739908794481 -37.0743323175948,139.79093005583 -37.1269518592061,139.732559750423 -37.17180964132,140.00771508686 -37.4949998252477,140.03627837384 -37.4753746970014,140.127667725836 -37.5410358281906,140.126238740558 -37.5631553403861,140.106359404438 -37.5665031060797,140.266824358715 -37.7108393314683,140.376974072065 -37.8953730491644,140.407158218988 -37.9230654124395,140.478621265722 -37.9514527483386,140.537413456949 -38.0003082312446,140.56607169446 -38.0043542938411,140.637268425952 -37.9922560078974,140.697095803825 -37.9647243353294,140.743908296701 -37.9008717915969,140.845513018234 -37.8354578626247,140.912120969138 -37.6607262467151,140.92456897894 -37.5117506508626,140.909266239 -37.2774917840434,140.908469774051 -37.1100157092451,140.896736876576 -36.9715853737474,140.887935971403 -36.7613245406476,140.848396384309 -36.5374386856411,140.810165854034 -36.3700125446261,140.794095632261 -36.3432026219797,140.783528312903 -36.299559339449,140.767922019634 -36.2782285978573,140.759204573152 -36.256563590743,140.735356720785 -36.2190490218608,140.719291985189 -36.1921898485694,140.695423888895 -36.154633217186,140.672500985015 -36.1280747090974,140.655098708836 -36.0846686850895,140.623387681286 -36.0363274719244,140.5990951271 -35.9931773084724,140.574819877671 -35.9500060376395,140.536361691849 -35.9019085176711,140.526773839115 -35.8691160269858,140.502914688187 -35.8313656453887,140.473101306447 -35.8049356221213,140.449236357931 -35.7671331488958,140.418515341498 -35.7296033411453,140.380018891762 -35.6812709715989,140.326436607486 -35.616857717886,140.296227761933 -35.5847630819417,140.280672100176 -35.5631673209571,140.256854323943 -35.525196762709,140.22703726617 -35.4985465163407,140.211411209086 -35.4768737514351,140.188907863276 -35.4554584893954,140.166871443577 -35.4395865495712,140.129685173993 -35.4075544151049,140.114074427163 -35.3858370588494,140.092045697408 -35.3699299515001,140.069558792852 -35.3484503364927,140.047075180534 -35.3269586886308,140.017711332415 -35.3057058539887,139.989260438489 -35.2955731712418,139.939237486643 -35.2750309116059,139.918116454326 -35.2701942962613,139.867132432338 -35.2384311747736,139.845090847202 -35.2224152034022,139.801909226929 -35.2015139581275,139.766070000726 -35.185934617598,139.723767287159 -35.1761467770428,139.703053839546 -35.1768279405562,139.647795234961 -35.1786274908797,139.613241958194 -35.1797395873112,139.592503601018 -35.1804026553029,139.557904434958 -35.1814875328222,139.516748059206 -35.1883384206056,139.475134472378 -35.1895889643796,139.462124024106 -35.2011824408262,139.420910620737 -35.2080082523729,139.379672594227 -35.2148231755688,139.548322680379 -35.1481525165371))"
S2 Riverland,REZ,"POLYGON ((139.625334622842 -33.8409785212217,139.602459002455 -33.8515057710412,139.592075535963 -33.8712915723506,139.580982991786 -33.8813950733285,139.570591081584 -33.9011788463784,139.566095588519 -33.9207499542346,139.567821132557 -33.9449347852759,139.569539003295 -33.9691134972957,139.571600902896 -33.9981220728854,139.573663334306 -34.0271259017346,139.576070765195 -34.0609571676408,139.577791333721 -34.0851180708144,139.592006001192 -34.1184956725461,139.657579627332 -34.1721045876594,139.744009420464 -34.2090146626462,139.863209484718 -34.2409524992602,140.028379048658 -34.291779120861,140.240766611295 -34.329608870264,140.543042554222 -34.3477893147027,140.590074828401 -34.3432216929386,140.630903167172 -34.3349855108837,140.671432026634 -34.3129049449325,140.68940841204 -34.2939245741994,140.686336294291 -34.255545304105,140.677801903457 -34.2222308652433,140.676660326999 -34.2078370018232,140.663103340829 -34.1844062920481,140.642967033342 -34.1516495496137,140.604962824183 -34.1148991528475,140.562217786777 -34.0927787460746,140.543572726696 -34.0791706477277,140.494615621016 -34.0524700352435,140.469011822391 -34.0246819374344,140.432870780224 -34.0118352436179,140.413869177371 -33.9933815827524,140.389401926869 -33.9799893656966,140.346994484969 -33.9625236008412,140.28630243077 -33.9361564110199,140.243872203406 -33.9186265232352,140.18387188193 -33.9018030419789,140.159345038307 -33.8883082511182,140.129712441351 -33.8846986406851,140.099709704977 -33.8762572635165,140.075520656861 -33.8675494989334,140.045829596586 -33.8638952167571,139.992296437141 -33.8563308855908,139.938378122653 -33.8439074159291,139.914521797103 -33.8399829541271,139.890278987732 -33.8312113211068,139.836990630247 -33.8283728706731,139.795825129759 -33.8299182888348,139.736975967093 -33.8320991812537,139.713404311767 -33.8329551465994,139.684283266698 -33.8388569954081,139.648910403141 -33.8401296482156,139.62568859186 -33.8458192040539,139.608355370763 -33.8512946260273,139.625334622842 -33.8409785212217))"
S3 Mid-North SA,REZ,"POLYGON ((138.56613002852 -31.8040054700545,138.537212531632 -31.8379078421082,138.5099187776 -31.8813194308293,138.48384957329 -31.9247722097142,138.440555407706 -32.0187683408836,138.397009429117 -32.1690348653192,138.409246229447 -32.3185236983261,138.409659979838 -32.4646246374924,138.413366011092 -32.571381891923,138.393721647186 -32.7142903422779,138.384133054557 -32.8851209478407,138.374117491446 -33.1170949152765,138.337249554898 -33.305515949622,138.361758989559 -33.5904124942449,138.390999386931 -33.7913414564249,138.423826962328 -33.9872285526437,138.476068731941 -34.2365412616709,138.560425071409 -34.5101986135108,138.656147994599 -34.767274551731,138.727421708784 -34.9129435692245,138.795814486482 -35.0194795273783,138.854654389896 -35.0883033771454,138.92175464781 -35.162891155272,138.987657900701 -35.2020141443463,139.04952660752 -35.2125760237584,139.114592458606 -35.2109048672309,139.165590183329 -35.1960427160587,139.22603293649 -35.1445365345938,139.304400523668 -35.0303357341199,139.342774705689 -34.9495974175854,139.397002583821 -34.7433555306676,139.433691097049 -34.4900530254894,139.459023004493 -34.2133916735943,139.454242535871 -33.9268982957603,139.450889147257 -33.6746381768446,139.430083525771 -33.4567574157985,139.395618836606 -33.1962835069883,139.343423643699 -32.9040399402571,139.288124885489 -32.6691410812498,139.233858092072 -32.4941893526207,139.190360037862 -32.3615905787575,139.171061877474 -32.2941263516831,139.136987937012 -32.2192982751458,139.102854950219 -32.1457316381416,139.076696035164 -32.0882120979721,139.039780614628 -32.0209375245387,138.994124889481 -31.9499801183472,138.96304606836 -31.9078181744802,138.870892183256 -31.8066363935447,138.809272037911 -31.7729409079077,138.767068663086 -31.7547176157866,138.715659559391 -31.7456835819428,138.670790030643 -31.7500775402804,138.643411492598 -31.7562000416565,138.621865451315 -31.7659454385102,138.598348049084 -31.7807838409468,138.56613002852 -31.8040054700545))"
S4 Yorke Peninsula,REZ,"POLYGON ((137.470433767509 -34.1896057277714,137.474371305854 -34.2020308713437,137.481984211303 -34.2326989326366,137.488522989713 -34.2909140812229,137.448451777294 -34.4013265482521,137.426095530846 -34.4222805734245,137.404005082805 -34.4419437584732,137.405907956518 -34.4511584335285,137.409737707498 -34.4562997884538,137.410465923607 -34.4563595433706,137.413708981106 -34.4569272080171,137.417797684884 -34.4629905141033,137.422417443847 -34.4675871944792,137.423111214892 -34.4679452473373,137.427273313825 -34.4700931728262,137.4292287462 -34.4690487300105,137.430024612369 -34.4685115497341,137.436893731749 -34.4630481356504,137.43696212077 -34.4624509061079,137.447496023506 -34.4602984068172,137.449679921459 -34.4604770851711,137.456786918854 -34.4625657692665,137.457809714478 -34.4632522784984,137.464047036754 -34.4737937036466,137.474836444714 -34.4875856633156,137.481266760493 -34.5051499664289,137.475449432769 -34.5120381707185,137.475295506501 -34.5134054905763,137.487305266394 -34.5359794366319,137.487808390705 -34.5364794110741,137.50025615956 -34.5617505611566,137.50270399945 -34.6259023001132,137.483466875961 -34.712124785421,137.458691113627 -34.7983386664807,137.445412491837 -34.9043504009452,137.429114971939 -34.9189327137513,137.411661938699 -34.9350087293415,137.409548586478 -34.9364279504857,137.388455190868 -34.9418875966623,137.386524692602 -34.9417330920208,137.368181646973 -34.9402640758587,137.333271175145 -34.9290923590164,137.307874306203 -34.9193594019529,137.291000083038 -34.8993099648687,137.280669838862 -34.8911852298737,137.242826779283 -34.8972440001475,137.185824950258 -34.9078220379164,137.150427474704 -34.9231793279573,137.116956274797 -34.9235034208261,137.08386443455 -34.9208145045793,137.050761489797 -34.9181183691767,137.025798992008 -34.9100028536593,136.995167069673 -34.9166158834017,136.971570399629 -34.9542117135049,136.945046116753 -34.9855045063483,136.959462504012 -35.0171134347791,136.942343751462 -35.0613854280844,136.970316918838 -35.1032555273102,136.908796345617 -35.1439797446059,136.870168608009 -35.1530392910225,136.848367619097 -35.1756726664239,136.847954766883 -35.178690654515,136.844234049046 -35.2058579195014,136.83079607373 -35.2352510668238,136.836764922178 -35.2602241886453,136.859396798507 -35.2864986391819,136.888231639675 -35.2949358258605,136.934357508288 -35.2864273786397,136.960270105268 -35.2610265297738,136.975455015974 -35.2317253354539,137.028855507636 -35.2238140068449,137.064611506874 -35.2358311650784,137.079395237453 -35.2370142447055,137.14220238954 -35.2420286545479,137.172935832906 -35.2353295603989,137.220621701739 -35.1842782268534,137.262053711939 -35.1593244905581,137.294059330027 -35.165992796984,137.317177056599 -35.1663202400806,137.333566050389 -35.167317010909,137.343779023278 -35.1644783095599,137.347708425466 -35.1621734975652,137.344885636647 -35.1589636957694,137.34163940823 -35.1504593637578,137.354717423787 -35.1331066425767,137.381911203651 -35.1171477209571,137.413822954053 -35.1026551870921,137.438192861044 -35.0984161359517,137.460612651139 -35.0998913814205,137.482303325185 -35.1056251939472,137.499932699762 -35.1134440549602,137.518432967772 -35.1226080597812,137.558468106505 -35.1287780797666,137.593709627121 -35.1436820342231,137.650626635423 -35.1633001010723,137.6913937635 -35.1634182925453,137.712316513103 -35.1437689436826,137.747897029944 -35.1252566257303,137.75189375976 -35.0921699360446,137.726562268569 -35.0568286652724,137.740535421165 -35.0483056441936,137.76503776119 -35.0424290126865,137.754870961522 -34.9977827156654,137.773121614684 -34.9641494086664,137.79100693863 -34.9334190110774,137.804095406088 -34.9130277203606,137.797901171551 -34.89501927055,137.808038862082 -34.8490967596436,137.824578500988 -34.8192553347747,137.855868255291 -34.7847354961188,137.873819052811 -34.7832230224868,137.857662159333 -34.7693081821421,137.864486271268 -34.7513564983545,137.871809462498 -34.7188484211876,137.873206295486 -34.7170119261354,137.881528262005 -34.6962573509005,137.880685828562 -34.6728361584859,137.886432213253 -34.653822988751,137.905403781999 -34.6329254122877,137.907402995085 -34.6155613213319,137.89210617524 -34.6046259419828,137.878317028756 -34.5908845562589,137.889408847265 -34.5664403557807,137.896807193453 -34.5329335771505,137.894610511046 -34.500608984755,137.906634333215 -34.478166586769,137.907076970876 -34.4743025483301,137.913905946976 -34.445593048983,137.91412699166 -34.4436602531954,137.93967134414 -34.41641138509,137.974612976348 -34.3778572823631,138.009437043532 -34.3540008908791,138.021827902893 -34.3111639857179,138.021930447884 -34.2767336054876,138.005311093682 -34.2566391912794,138.012026761562 -34.2305317848061,138.036752021521 -34.2120924984182,138.050815318899 -34.1708519411834,138.063723762012 -34.1589582503012,138.084409435397 -34.1382880531981,138.10923990983 -34.1437331425606,138.113028768996 -34.1604419367053,138.13872217378 -34.183523672718,138.149393103002 -34.2019208986492,138.152950624773 -34.2080518870291,138.161834855974 -34.2298169080027,138.161576027461 -34.23213926654,138.160152275944 -34.2449109450157,138.159763921371 -34.2483937637058,138.153615041433 -34.2654829597233,138.158058550278 -34.2763580212308,138.165070376495 -34.2768949121214,138.202289424539 -34.2855871123598,138.212348253787 -34.2968836240151,138.21209019359 -34.2992041702946,138.223311550506 -34.3000561271086,138.235821302671 -34.2893031804873,138.243531379389 -34.2485209761066,138.255130929488 -34.1708702376257,138.25964673155 -34.1163290968782,138.258348146358 -34.0325853367804,138.244308904693 -33.9552709571928,138.221386329891 -33.8850898351853,138.193976688923 -33.8519767200995,138.15806846315 -33.8171470191601,138.106594563038 -33.7883166751862,138.075249601695 -33.779657405479,138.042551130247 -33.7752250581252,138.01106978493 -33.7756446365347,137.978363969177 -33.7780068068462,137.941833632977 -33.7848814969795,137.891191514224 -33.8023230087903,137.851425537186 -33.8167053353406,137.777137990193 -33.860473199651,137.715758616997 -33.9032936449296,137.662701243768 -33.9484802662917,137.62672683873 -33.9784891620987,137.582945870802 -34.0224209421505,137.562456410769 -34.039244105968,137.555283237697 -34.0577845558053,137.538107269928 -34.0768814446831,137.532719957476 -34.094204559786,137.523396358418 -34.1166757649632,137.517996873594 -34.1340020332593,137.495682457073 -34.1403939296359,137.479266443616 -34.1390622023354,137.454471209787 -34.1384141363903,137.44527093037 -34.145868237697,137.470433767509 -34.1896057277714))"
S5 Northern SA,REZ,"POLYGON ((137.438367413476 -33.1496270294993,137.486466670358 -33.1259958964617,137.545497569483 -33.096368962573,137.581639324552 -33.0511217543638,137.591136462505 -33.0226481477708,137.603650459509 -32.9858263841393,137.626351438271 -32.9670338552011,137.666523860563 -32.9565329443232,137.703532963499 -32.9732734067386,137.725940672947 -32.9922679482801,137.766951475954 -32.9921204803701,137.784643936417 -32.9986933811326,137.777822822385 -32.9752959374931,137.767843496148 -32.9562141288155,137.753804907288 -32.937231667953,137.752316138779 -32.9192589738068,137.758557891892 -32.9133855871524,137.781685152847 -32.9148195553338,137.793010508723 -32.9131783700022,137.79466297405 -32.9031107517488,137.797583155053 -32.8863450433761,137.791951765175 -32.873568085513,137.798329986164 -32.8664299616079,137.807692442982 -32.8552807481105,137.813496886664 -32.8353448554189,137.806865290794 -32.8135594097885,137.805698231119 -32.8015623812932,137.806510866728 -32.7944000674209,137.803291939906 -32.7826614578353,137.800622287907 -32.7705402165709,137.808067425522 -32.758379890417,137.810525468107 -32.7500705628789,137.80508916546 -32.7355952232762,137.793357096749 -32.7231625104317,137.78129167444 -32.7136778537964,137.773374182946 -32.7121868704052,137.761254910055 -32.7209948639838,137.753480326322 -32.7182371213773,137.750242519357 -32.704782288162,137.756902231126 -32.6944195696617,137.754110162166 -32.6795159219024,137.750446778577 -32.6678945549657,137.755577341613 -32.6490145269166,137.760023875055 -32.6248683145042,137.763316732648 -32.6090658376403,137.765726436341 -32.5878339508468,137.760805399985 -32.575144740213,137.759855488984 -32.5637211264449,137.76125198653 -32.5546931422366,137.754935395419 -32.5444071054129,137.749889062159 -32.5361140827358,137.76095437844 -32.5251112131474,137.77213189703 -32.5394809689827,137.776902053635 -32.5452013160536,137.780684332262 -32.5463758223729,137.794673937439 -32.5552340538083,137.812646782921 -32.5619583147844,137.813207351221 -32.5730405659293,137.804855688529 -32.5867258930588,137.800059576684 -32.6091459239443,137.806819588127 -32.6294136415135,137.820105121045 -32.6395975601433,137.832104756889 -32.6451253585994,137.841818208034 -32.6550114353436,137.845959035129 -32.6826247785661,137.83373936573 -32.6952669193453,137.842785467394 -32.7111509904672,137.860480381388 -32.7141004777346,137.883030179665 -32.7219819856541,137.897435598738 -32.7382858468143,137.918031422429 -32.7475117901823,137.912961297897 -32.7607288794532,137.897672306484 -32.7685830150532,137.901979451894 -32.7946597852254,137.905679552097 -32.8159496613257,137.915183883737 -32.8396838339706,137.918317786786 -32.8569508649647,137.923638605478 -32.8792313470874,137.932788423338 -32.9043141845644,137.940507577311 -32.9421728654896,137.942723383281 -32.968133018505,137.950181778025 -32.9930732955925,137.957481995868 -33.0194318657358,137.977505182616 -33.0238705635707,137.991065277685 -33.0249346508396,138.009975861414 -33.0393058344354,138.021950472783 -33.0545636157376,138.023487138172 -33.056115783947,138.030219829791 -33.0723950654036,138.030170975862 -33.0881455570805,138.022276091419 -33.0975560518416,138.020262226769 -33.1002636680902,138.038870207173 -33.117468515975,138.020421505123 -33.1446816843929,138.01575289984 -33.1557791064448,138.01882892302 -33.15888380464,138.035006756311 -33.1673047917379,138.049329924816 -33.1770124053212,138.055802265409 -33.1803795082275,138.06057737 -33.1836148003739,138.073206493203 -33.1931884055603,138.080902745444 -33.200946934322,138.094009916876 -33.2062574369989,138.113277737482 -33.2177722377513,138.147516708165 -33.2333002921908,138.192266469778 -33.2467588858505,138.246459785113 -33.2365693659159,138.286283016621 -33.2009274523204,138.314226500882 -33.1500773731532,138.319965788079 -33.1401982453857,138.324109393111 -33.1303857927489,138.326524477451 -33.1178193501877,138.326575984116 -33.1026919070431,138.326961681344 -33.0857345747065,138.327580678365 -32.9162067314533,138.333320070521 -32.7313265193189,138.337781153476 -32.5940758707669,138.336818890624 -32.5887971438249,138.335707750401 -32.583888215653,138.332120321573 -32.5710934683158,138.307915606454 -32.5107357071308,138.281259847753 -32.4519508827515,138.239572564254 -32.3935519529654,138.19238042584 -32.349602897946,138.146127566328 -32.3153187451671,138.084469716842 -32.2893243169086,138.00739428109 -32.2640837732514,137.91767267556 -32.250705350549,137.819252493071 -32.2419740477621,137.820202989328 -32.2406852036621,137.738184696111 -32.2387139074715,137.655258641943 -32.2448991206238,137.595116668179 -32.2588087114744,137.52271600367 -32.2940791514249,137.469300911359 -32.3214591028932,137.407420773222 -32.3610778644198,137.361805396859 -32.4044069259236,137.305735012406 -32.4645304095821,137.257180136143 -32.5193874350031,137.187617934974 -32.6078621973227,137.130046024049 -32.6997643249384,137.085657608695 -32.7857746252219,137.065311996657 -32.8360632560767,137.067444639504 -32.9095722289163,137.066046278631 -32.9094548406338,137.084923132986 -32.9619255979522,137.115732278432 -33.0094879507468,137.167609667251 -33.0469575132611,137.240689661618 -33.0773604469658,137.438367413476 -33.1496270294993))"
S6 Leigh Creek,REZ,"POLYGON ((138.827764578121 -29.9389103556667,138.690095141397 -30.0098029807006,138.608015971522 -30.060977456129,138.522754200048 -30.1295307517741,138.443634241863 -30.2013704870563,138.368110863449 -30.2827587545742,138.28434579733 -30.3970104233851,138.247077357703 -30.4539790333054,138.209706652085 -30.5183323272533,138.177316058745 -30.5865983808866,138.120907309193 -30.714069270585,138.091725845872 -30.8402686723858,138.081847338407 -30.9504610140516,138.085669872825 -31.0486559040102,138.107931146377 -31.1423828696521,138.138447440755 -31.2114275528691,138.165626235465 -31.2542801462983,138.188737330742 -31.2838440174051,138.217553325094 -31.3120982000544,138.249403340462 -31.3382405160284,138.281111703987 -31.3555140150518,138.332577703559 -31.3817186197732,138.393543165291 -31.4006103831732,138.457934963426 -31.4080072527462,138.510601563433 -31.4101628129281,138.568067589251 -31.4083361610987,138.62398606547 -31.4008049418619,138.688161414541 -31.3839687632775,138.780060087321 -31.3503799768853,138.920950117755 -31.2797103148338,139.061034563514 -31.1818413455702,139.206254681421 -31.0447840901611,139.298477923541 -30.931089671262,139.368011720875 -30.8259418879722,139.41845466828 -30.7317821462109,139.453992082093 -30.6503861367992,139.488267513633 -30.5576768843614,139.506941381938 -30.4775043933026,139.517143676304 -30.4150544261751,139.524685270542 -30.3572482773824,139.524438756039 -30.2953326233898,139.522163272081 -30.2357435727986,139.489587619853 -30.1219066601724,139.459982085844 -30.0732321846932,139.423004887828 -30.0223654556602,139.359195511017 -29.9646216578979,139.283502701825 -29.9223038981887,139.204723884884 -29.8919526340626,139.132720077426 -29.8819407255116,139.03083053385 -29.8846073796746,138.923757378584 -29.9045448529014,138.827764578121 -29.9389103556667))"
S7 Roxby Downs,REZ,"POLYGON ((136.188928626216 -29.8361266208422,136.068014553771 -29.8844857589969,135.977798081444 -29.9250629260241,135.891341249606 -29.9940069229419,135.815090704694 -30.0596511795783,135.763798538419 -30.1256412131459,135.711519548683 -30.1980069128383,135.669059278911 -30.2713676114249,135.638398512521 -30.3502290134368,135.61984961045 -30.4324588974729,135.602330782464 -30.5061855365308,135.60171795363 -30.5858888773794,135.603357130201 -30.6485713898074,135.61484283781 -30.7339861879979,135.64492411654 -30.8200044167197,135.683322793272 -30.9127547174133,135.731568926808 -30.9925939020228,135.783541762067 -31.0661903395995,135.84040504689 -31.1207101144608,135.900949710627 -31.1714352441941,135.961652727133 -31.2207643903463,136.039402960619 -31.2620943015888,136.138008594213 -31.3025692349889,136.226747811737 -31.3325302840893,136.328763560666 -31.3582007145973,136.441014899071 -31.3656738259228,136.531645051567 -31.3670565410632,136.602096864931 -31.3638696940161,136.683288496865 -31.3507397911722,136.755318870196 -31.3340497871533,136.82291466896 -31.3142287435557,136.88342148158 -31.2869693643746,136.964515996119 -31.2465676856408,137.027969174106 -31.2084468846101,137.087387336908 -31.1643711958765,137.150266368952 -31.1078250880396,137.207624793404 -31.046121385913,137.255996670833 -30.9801041562435,137.292173436275 -30.9199334804605,137.316627249543 -30.8674110249518,137.34337521837 -30.7986686392295,137.364115215175 -30.7241924787406,137.37422031403 -30.6421546336571,137.377940902022 -30.5529643364806,137.371964085526 -30.4789965932188,137.357565597501 -30.405006884521,137.330875968166 -30.3206252806519,137.303694454318 -30.2532524533495,137.253724601278 -30.167150130557,137.113712450372 -30.0062334004871,137.047415059893 -29.9573195608434,136.985725452601 -29.9204289489335,136.871257384661 -29.864292346452,136.780164953886 -29.8315111472855,136.68292440506 -29.807499723411,136.591684789104 -29.793378645094,136.473513978476 -29.7904939121369,136.384697981316 -29.7933415427,136.316820149113 -29.8032937264028,136.258879443233 -29.8141496073574,136.188928626216 -29.8361266208422))"
S8 Eastern Eyre Peninsula,REZ,"POLYGON ((135.604721521563 -34.8895682364929,135.615274656239 -34.896858011952,135.618724708082 -34.9371376490476,135.680516334594 -34.9449143511105,135.699732178879 -34.908704324046,135.722695177897 -34.8785638959706,135.775583183997 -34.8664702628924,135.842218948677 -34.8879567913594,135.885291307663 -34.9280929729444,135.924688578888 -34.9450702468907,135.938517069052 -34.9786512791338,135.962053996934 -35.0093337118575,135.992028713642 -34.9779206031956,135.997560900337 -34.9385538595424,135.977450485229 -34.8835210698177,135.975052427565 -34.8510232072471,135.994281835062 -34.8129540402099,135.999378175151 -34.8096333477926,136.012439392996 -34.7823826649084,136.020194394667 -34.7432531664381,135.978220536663 -34.7621030460278,135.959076153314 -34.7830881788194,135.87866653667 -34.7945195684586,135.855416370876 -34.811319151551,135.793313696447 -34.807346750372,135.806206890813 -34.7819724716819,135.811584675258 -34.7767834793394,135.86283142732 -34.7588425574496,135.908136686183 -34.7498256808354,135.890451876357 -34.7272715446854,135.877785994288 -34.7184789881713,135.861601910367 -34.701754699276,135.856587737538 -34.6879855780077,135.870283122672 -34.6399099301152,135.890917276348 -34.6247786444157,135.934237720372 -34.6459698942653,135.936260114084 -34.6480594435748,135.949762449028 -34.6341469306761,135.939453233728 -34.6084920678295,135.913626774693 -34.5946525977014,135.916494941575 -34.5740367716615,135.928543639599 -34.5372009596339,135.974203813409 -34.5244421384039,136.014242859896 -34.5187340273949,136.019058101182 -34.5172898600326,136.04239240117 -34.4986061370834,136.074791902822 -34.4978573468959,136.08182375516 -34.5307852569997,136.088885273641 -34.5466298228515,136.110179951487 -34.5258484927014,136.125941191803 -34.4608918381753,136.127256808283 -34.4002591087615,136.125767209997 -34.3602348326552,136.166691885617 -34.3298839064059,136.224239406549 -34.3124682244925,136.281690501799 -34.2437113621358,136.332490082585 -34.1723763806386,136.356583861951 -34.128952285085,136.354493815173 -34.0925986269172,136.417260958541 -34.0336533912924,136.484743863352 -34.0030015229053,136.535353587564 -33.9646015860246,136.579911640291 -33.9440480308734,136.578848083186 -33.9224217445738,136.640674725245 -33.8919936908237,136.70309391571 -33.8562780476244,136.751972374673 -33.8379834647773,136.789379307874 -33.8213240252949,136.817085785923 -33.8051323779283,136.870883268263 -33.7978820432528,136.922055674278 -33.773077439855,136.963691332685 -33.7474229086501,136.965337870419 -33.7342551002131,136.945746808911 -33.7245616495812,136.931762391211 -33.7339916659537,136.921767464959 -33.7371123988678,136.91332869963 -33.7150727050608,136.928137842473 -33.6990584957816,136.94992938142 -33.6783240688259,136.971424044031 -33.6855241824162,136.990680990165 -33.6978503540436,137.001709433944 -33.6735084388042,136.999765392713 -33.6428349861721,136.993521177016 -33.5679607917058,136.976023977712 -33.1183546734194,136.954473580694 -32.9584445187597,136.924308520164 -32.8797673195158,136.885238408684 -32.8172590445092,136.839857173466 -32.7640116451566,136.783616091102 -32.7250831796746,136.739904242616 -32.7040778039429,136.682223160113 -32.6901665579525,136.602052417095 -32.6853564056849,136.547201807527 -32.6900820823955,136.50313066552 -32.7006263857297,136.441950115588 -32.7226959702294,136.402348420985 -32.7428484009532,136.356946951744 -32.7716882498159,136.318923785329 -32.8012089655885,136.259326789314 -32.8792996635664,136.18757457169 -32.9823940970475,136.127546604177 -33.0825148636682,136.007532827699 -33.3240484989876,135.89415817845 -33.5684773538637,135.780955506859 -33.8161905736371,135.707792390468 -34.0038636946956,135.654684894124 -34.1611648763275,135.634863092847 -34.2359986207588,135.60930227056 -34.3386094993062,135.59425844612 -34.4102720050659,135.578562956212 -34.5161645236562,135.573137326183 -34.6122380630637,135.577734427034 -34.6896839566821,135.58422464306 -34.7622304702645,135.589029934687 -34.8182361133798,135.593257265832 -34.8484715761387,135.599722749119 -34.8674953065739,135.604721521563 -34.8895682364929))"
S9 Western Eyre Peninsula,REZ,"POLYGON ((134.044709566446 -32.4659014426575,134.085265383678 -32.4753677096131,134.099190952846 -32.459923748809,134.137587011476 -32.46426332863,134.190628255974 -32.4957402419315,134.222671858662 -32.532101287734,134.250291793746 -32.5594410301549,134.27201768558 -32.597018753932,134.274405850992 -32.6288034441377,134.287817148425 -32.6545197498781,134.284912472483 -32.6735885717177,134.282549673301 -32.6890802189191,134.272862067914 -32.7146705576742,134.258899312892 -32.7397909341619,134.230149710465 -32.7669246889604,134.213303809887 -32.7917303033342,134.195218589628 -32.7776296947611,134.194810960208 -32.752137904334,134.186733282166 -32.7294334560718,134.161298894901 -32.7254134790777,134.116784928589 -32.7229104066846,134.086675763828 -32.7207802197944,134.067587348554 -32.7222960832715,134.080121762632 -32.7443101696158,134.104799379622 -32.762810822911,134.11181261689 -32.7829857713069,134.130226965346 -32.8044134831554,134.137237162183 -32.8245784964483,134.13476338573 -32.8497590828346,134.116657538502 -32.8635280325172,134.098911879654 -32.8749134438633,134.07935236074 -32.888525589149,134.072444365483 -32.9047421133617,134.064101818704 -32.9208028715666,134.079062978222 -32.9272939503498,134.104462762177 -32.9228013928658,134.12481904265 -32.922603770276,134.135231502527 -32.9394979379228,134.14515148127 -32.9502758325427,134.158871736203 -32.9275339656281,134.183050469172 -32.9398615791108,134.199475184507 -32.964666507189,134.198227162375 -32.9911861737116,134.181275990254 -33.0160086636646,134.145024904133 -33.015714491374,134.151639386706 -33.0382522366392,134.176705608091 -33.0542991195112,134.196459965532 -33.0394655884572,134.221023578887 -33.0493884568233,134.240489781008 -33.0732970447303,134.245688124732 -33.0956687059873,134.259143253818 -33.1116558286143,134.262727273443 -33.1350680356794,134.265068724637 -33.1571381963825,134.280517150747 -33.1697002479327,134.302730634928 -33.1854062339984,134.324571928861 -33.20349309728,134.341391319731 -33.1980088362606,134.351999569184 -33.1858045081593,134.346970764262 -33.1622443717342,134.354218240214 -33.1436308426703,134.3635291764 -33.1676421538077,134.386475585522 -33.1785631132862,134.39545476249 -33.1674016679309,134.425118390756 -33.1535937142932,134.457887156247 -33.1570684334662,134.48812446589 -33.1675339167899,134.516936371015 -33.1778422936299,134.558382013748 -33.1906858084865,134.576862967238 -33.202315625413,134.582377271882 -33.2041059715725,134.599437474137 -33.2155837656517,134.610078802414 -33.231230402827,134.631418693588 -33.2431541560384,134.636517048073 -33.2349281893768,134.642518367932 -33.2220103162189,134.657489254126 -33.2258537613685,134.66037138876 -33.2137700180853,134.654542063949 -33.1963507655054,134.669374821037 -33.1961376763447,134.689532373384 -33.2026724931839,134.701489834204 -33.2145382233964,134.711243259554 -33.2199809180854,134.690804099117 -33.2293431317282,134.675037447113 -33.242733658072,134.697543968496 -33.2548213357044,134.717585229234 -33.262224106901,134.733332067783 -33.2700613581914,134.746083916298 -33.2837796088772,134.759098609847 -33.3028359104892,134.781628981928 -33.3149163559586,134.804165773248 -33.3269952416757,134.814204728497 -33.3448588864173,134.82355478668 -33.3696278166928,134.831528697162 -33.405024514332,134.846655082482 -33.4480756660892,134.857701585719 -33.496245515031,134.865885790453 -33.5302936003096,134.864866356423 -33.55925394665,134.847674855908 -33.5851832496642,134.840909559103 -33.6080329535986,134.840485199287 -33.6329226298349,134.875093612314 -33.6461528320056,134.906430181366 -33.6701259618769,135.028615176038 -33.7545740691837,135.097946581723 -33.823190112288,135.162390831105 -33.8772027050546,135.191837308735 -33.9026717468694,135.22939370152 -33.9552504393424,135.270413856669 -34.0257366466128,135.2812366181 -34.0757283976513,135.278235439669 -34.1106671811433,135.248348370103 -34.1384484571408,135.261758115832 -34.1678102327963,135.319918293706 -34.1561269665736,135.39156517679 -34.1177269737015,135.443098626285 -34.0840591651136,135.477153466915 -34.02605636862,135.495278262856 -33.9695741846981,135.497792886923 -33.9103651964346,135.492669444503 -33.8336264688557,135.462722935424 -33.6942219642842,135.414709384045 -33.5501942100237,135.336805920916 -33.3817990055111,135.248082386432 -33.2239307564898,135.150081501279 -33.0670537642357,135.054355559396 -32.9339785545009,134.959279745458 -32.8071490634215,134.85733772459 -32.6951490819592,134.779103206003 -32.6107847036918,134.696923491437 -32.5370405606437,134.615752551769 -32.4682738090068,134.549549425643 -32.4188724396578,134.477724694599 -32.3697217480865,134.427262714651 -32.3416406633366,134.374711055084 -32.3198802774406,134.304159144761 -32.2962708712107,134.258318040852 -32.2879936927948,134.213974113729 -32.2858657308774,134.18532114843 -32.2896526018745,134.162519162026 -32.2998674973328,134.138946664367 -32.3105725572376,134.115831855422 -32.3271132567594,134.098526702169 -32.3385426819401,134.085024084194 -32.3521979530318,134.070847185727 -32.3701489062416,134.060243436303 -32.3917023351452,134.05228441507 -32.4050996474118,134.046948297463 -32.4193719905974,134.041436673798 -32.4391652315441,134.039432680069 -32.4608086274077,134.044709566446 -32.4659014426575))"
T1 North-East Tasmania,REZ,"POLYGON ((146.799231825809 -41.0522889594908,146.782788262414 -41.1076940458736,146.810128848227 -41.2229653004864,146.864193580754 -41.2582368111179,146.938619725451 -41.2894052319511,147.021564239098 -41.2972495665544,147.281272133896 -41.3023344664908,147.451291081383 -41.2909977855397,147.612041516524 -41.2694824307756,147.692317033253 -41.2577778171479,147.770882154922 -41.2397761993056,147.855551703466 -41.2188210990166,147.924431007217 -41.1985444168084,147.987863198482 -41.1769773459556,148.03908658538 -41.1559164550851,148.100656922735 -41.1356865993645,148.161852834867 -41.115321141658,148.218096484672 -41.0987264887193,148.26650077018 -41.0811206165777,148.311530251824 -41.0611209657962,148.351142008046 -41.0338866477156,148.400808622465 -41.009932233338,148.436684228414 -40.9716071828552,148.456195862931 -40.9338046063547,148.436783549769 -40.8726137732325,148.376107469829 -40.8066365535304,148.278437246351 -40.7543348782029,148.109822147223 -40.7206473913339,147.989985379214 -40.7086667410134,147.881009452564 -40.7148461086483,147.748633515019 -40.7224595595647,147.601955092546 -40.7542890646309,147.422353246057 -40.7967429359056,147.238700498172 -40.8650159202278,147.089994848391 -40.9057049024169,146.949762113945 -40.9532841099132,146.845064733868 -40.9985941869776,146.799231825809 -41.0522889594908))"
T2 North-West Tasmania,REZ,"POLYGON ((145.724738648416 -40.9603751164622,145.665241777237 -40.9434883755604,145.618187084122 -40.9363889317952,145.563601602962 -40.92073316219,145.525965714019 -40.895109710897,145.507160103319 -40.8694905750165,145.507164924427 -40.8595347119466,145.495881514931 -40.8524075963345,145.477057728001 -40.865180845182,145.454468616942 -40.8708323214578,145.426237863349 -40.8679329742715,145.39424841821 -40.8593256494727,145.341538601801 -40.8520700015076,145.29822946459 -40.8462398468201,145.30018592594 -40.8220495941801,145.283295267492 -40.8020583624288,145.276937039341 -40.7945676024141,145.280933208684 -40.7826478695274,145.281814379841 -40.7745539075718,145.28578173583 -40.7683860678089,145.293114237883 -40.7645712472326,145.300984746922 -40.7662973825717,145.302108316852 -40.7667265423204,145.307464363355 -40.7641839017442,145.304945776187 -40.7609810836823,145.304104494167 -40.7603395909975,145.299899039586 -40.756918838681,145.299058687621 -40.756064162416,145.294860625575 -40.7509380940735,145.295428645066 -40.7496610228921,145.297981738441 -40.7445533193435,145.297985291127 -40.7437008312859,145.294633105443 -40.7381498972713,145.287325279258 -40.7368499368397,145.28563664943 -40.7370581276469,145.278605080425 -40.7368239813294,145.273845044129 -40.7316933600629,145.26881954657 -40.7229365801986,145.268825092947 -40.721657309632,145.268549331283 -40.72037711734,145.264639810352 -40.713754165608,145.254238926525 -40.712013331337,145.245771976355 -40.7179553570156,145.245766187607 -40.7192348237828,145.245761353489 -40.7203010277265,145.249949031017 -40.7275651233022,145.25050789452 -40.7284198576324,145.251065798637 -40.7294877776761,145.251343284412 -40.7303415244012,145.25637407188 -40.7378197872709,145.256932949119 -40.738674308998,145.257211406874 -40.7393147225195,145.261388309245 -40.7489200638368,145.261386348707 -40.7493463340828,145.262763875544 -40.7557445634526,145.262757948086 -40.757023263449,145.261316906269 -40.764264568725,145.261314898659 -40.7646907706784,145.260747962963 -40.765541424374,145.25789868538 -40.7727778851317,145.254986372185 -40.7776137766646,145.252837415057 -40.7813709102858,145.245699603226 -40.7886967402106,145.234538011782 -40.7956505975674,145.227898227016 -40.7977796038412,145.207519253762 -40.802250563107,145.181635634078 -40.8040438440087,145.152292139328 -40.8020501809555,145.119493874831 -40.7958893674859,145.085272689933 -40.7802907850261,145.060081206862 -40.7556748855049,145.032267267957 -40.7507818431378,145.018361370061 -40.7637756848029,144.980556134084 -40.7505198611763,144.935650311227 -40.7594147273133,144.901173500113 -40.7592109281495,144.897725794779 -40.7591899221672,144.859958442397 -40.7445838164799,144.83940749912 -40.7326915741913,144.808553428133 -40.71810949973,144.803383982279 -40.7180731884033,144.780966673663 -40.7192192608462,144.755357824369 -40.6994299463325,144.747017709822 -40.677150091716,144.743605014271 -40.6745099611128,144.725002495094 -40.646914782059,144.695743659206 -40.6453714306106,144.683225608619 -40.6805626201249,144.681174327656 -40.7053773874209,144.68110498582 -40.7106040511903,144.692895637357 -40.7316076012372,144.695895969533 -40.765600208032,144.697240002217 -40.7943491418633,144.69715312951 -40.8008793865484,144.696891780344 -40.8204692421592,144.696856850848 -40.8230811276946,144.696559159085 -40.8452814486099,144.692716852573 -40.8739824616044,144.687427282742 -40.8817762689138,144.671604305651 -40.9012391396649,144.666327462161 -40.90772641843,144.648872704429 -40.9193381790418,144.62627923137 -40.9269869559301,144.603539320122 -40.9437735722496,144.603479968227 -40.9476914241615,144.606703074985 -40.9633923641788,144.610045609018 -40.9712574417835,144.613408430643 -40.9778164409462,144.621847068012 -40.9922545109535,144.609289508432 -41.0208868918268,144.634995892118 -41.0393863006233,144.638402131328 -41.0433327455896,144.648661508021 -41.0525592556157,144.657209580612 -41.0604650865885,144.660483902981 -41.0735547086713,144.662159668241 -41.0774871290839,144.663682541454 -41.0918703408134,144.665358804459 -41.0958029920455,144.666574927346 -41.1310927338451,144.666343550985 -41.1467735293312,144.679729402569 -41.1808596014406,144.681408270608 -41.1847940117828,144.688201598967 -41.1953033987376,144.688163597759 -41.1979178878707,144.691333440833 -41.2188616068623,144.691219294922 -41.2267068289605,144.689194913796 -41.2463095809604,144.685622214815 -41.2528233134165,144.683806479292 -41.2580422875491,144.687129472592 -41.2685323388126,144.69226946903 -41.2738031321008,144.70427236357 -41.2856657277324,144.716186270804 -41.3040711915813,144.728162593364 -41.3185525903342,144.736809250162 -41.322539688977,144.746963148777 -41.3435556666547,144.752114509817 -41.3488282054986,144.771057429617 -41.3646698457411,144.770742029987 -41.388244292914,144.768893892757 -41.3960925187637,144.765337518427 -41.4013096799253,144.752974151255 -41.4130201768584,144.747652685665 -41.4195370820348,144.745890717078 -41.4208358262962,144.733572605129 -41.4286165133724,144.742200600153 -41.435229800448,144.743926437285 -41.4365524869944,144.771727831852 -41.4446046455501,144.775199082372 -41.4459386281121,144.787410108066 -41.4460185818992,144.801246862827 -41.4552865291904,144.801229952484 -41.4565977419665,144.879397024415 -41.602639356215,144.898398231089 -41.6874132419032,144.934444794472 -41.739954577717,144.987614125407 -41.7502191249433,145.000821687582 -41.7627561328291,145.004064389471 -41.7727482596135,145.026966859162 -41.8227629475637,145.036889255447 -41.832796837555,145.036869040409 -41.8352928648447,145.069945002735 -41.8729095949689,145.076584705106 -41.8779371105742,145.09641008431 -41.9080119007067,145.139616847235 -41.9457067779315,145.149647097055 -41.9457517423096,145.469557625885 -42.191779554061,145.658379624329 -42.1864531506829,145.691581680611 -42.1745685625264,145.779512700821 -42.1166946245546,145.994471253998 -41.8725957630078,146.012149424987 -41.7922910876474,146.140485647104 -41.6423693481612,146.252133008452 -41.501242928409,146.365926460781 -41.3502047008221,146.446429574287 -41.2323507095246,146.470895248312 -41.1499180691015,146.316162102947 -41.1243091403412,146.124549269437 -41.0971392093977,145.9292717011 -41.0603888423405,145.860004002449 -41.0200804459705,145.790870419668 -40.9855226345962,145.724738648416 -40.9603751164622))"
T3 Central Highlands,REZ,"POLYGON ((147.623094442451 -42.4465056258121,147.73223050071 -42.3807774607827,147.765915493067 -42.2491748328104,147.776104427871 -42.1935541763436,147.770143507083 -42.1434583217522,147.765063788759 -42.0728104694864,147.774959544351 -42.0289757245479,147.760469004416 -41.9933809821818,147.755135600752 -41.9167427277653,147.737698599801 -41.8456424759005,147.681946865842 -41.7620494046132,147.594758885422 -41.6746638736228,147.270860669844 -41.5957337603205,147.036254426809 -41.5753598225397,146.929495249342 -41.5787304937008,146.854250675002 -41.5833368947519,146.805407445426 -41.5817417108711,146.792085041205 -41.5813030338782,146.773628781513 -41.5974042473633,146.728417467256 -41.6125537996377,146.690871028473 -41.6443803598375,146.648424489347 -41.6928927113934,146.583575137482 -41.7473701359571,146.482466886621 -41.8240294893319,146.339380570436 -41.9680363551503,146.313791482936 -42.01680349115,146.286295008888 -42.0919940714335,146.254923692829 -42.1571350517298,146.248587185946 -42.2172203477951,146.26999636413 -42.2709280802252,146.295869076563 -42.3139355094591,146.337950202372 -42.371848675616,146.395296808238 -42.4157783100796,146.441981827069 -42.4574634599503,146.50614700285 -42.5015215873691,146.593481187199 -42.5443769218628,146.735863178804 -42.574660976794,147.041389157442 -42.5536089278494,147.353195677584 -42.5099964096908,147.520356025609 -42.4863887629126,147.623094442451 -42.4465056258121))"
